check_id,legal_prediction,courtesy_prediction,courtesy_true,direct_value,edit_distance_value,edit_distance_split_value,fused_value,selected_stage
ac03000,عشره الاف ريال فقط لا غير,10000,10000,10000,10000,10000,10000,edit_distance_split
ac03001,خمس لاف ريال فقط,5000,5000,5000,5000,5000,5000,edit_distance_split
ac03003,خمسه الاف ريال لا غير,5000,5000,5000,5000,5000,5000,edit_distance_split
ac03005,فقط سبعه عشر الف وثاثماه ومسه وثاثون ريال وسون ريل لا غير,17387,1733587,17000,17395,17395,17395,edit_distance_split
ac03006,فقط الف ريال لا غير,1000,1000,1000,1000,1000,1000,edit_distance_split
ac03007,اثن الف ريال قط لا غير,12000,12000,1000,2000,2000,2000,edit_distance_split
ac03008,فقط اربعمايه وخمسون ريال لا غير,450,450,450,450,450,450,edit_distance_split
ac03014,فقط الفان وثمانمايه ريال لا غير,2800,2800,2800,2800,2800,2800,edit_distance_split
ac03015,فقط خمسه وعشرون الف ريال لا غير,25000,25000,25000,25000,25000,25000,edit_distance_split
ac03020,فقط ثلاثه الاف وستمايه وخمسه ريال لا غير,3605,3605,3605,3605,3605,3605,edit_distance_split
ac03021,الف ريال فقط لا غير,2000,2000,1000,1000,1000,1000,edit_distance_split
ac03023,وقده خمسه الاف ريال لا غير,5000,5000,5000,6000,6000,5000,direct
ac03025,الف واربعمايه وخمسه وسبعون ريال لا غير,1475,1475,1475,1475,1475,1475,edit_distance_split
ac03027,فقط خمسه وتسعون الف ريال لا غير,95000,95000,95000,95000,95000,95000,edit_distance_split
ac03035,فقط خمسمايه ريال لا غير,500,500,500,500,500,500,edit_distance_split
ac03040,ثمانيه وعشرون الف ريال لا غير,28000,28000,28000,28000,28000,28000,edit_distance_split
ac03041,اثني عشر الف وخمسمايه ريال لا غير,12500,12500,12500,12500,12500,12500,edit_distance_split
ac03043,عشره وخمسمايه ريال لا غير,500,1500,510,510,510,510,edit_distance_split
ac03044,ثلاثعه الاف ريال فقط لا غير,3000,3000,1000,3000,3000,3000,edit_distance_split
ac03045,فقط ثلاثمايه ريال,300,300,300,300,300,300,edit_distance_split
ac03046,ثلاثه الاف ريال فقط,300,3000,3000,3000,3000,3000,edit_distance_split
ac03047,مايه الف ريال فقط,100,100000,1100,1100,1100,1100,edit_distance_split
ac03048,فقط الف ومايه واثنان وخمسون ريال لا غير,1152,1152,1152,1152,1152,1152,edit_distance_split
ac03049,خمسمايه وسته عشر ريال لا غير,516,516,516,516,516,516,edit_distance_split
ac03057,سته الاف ريال سعوقط لا غير,6000,6000,6000,6000,6000,6000,edit_distance_split
ac03059,فقط ثلاثه الف ومايه وثمانيه واربعون ريال لا غير,3148,3148,3148,3148,3148,3148,edit_distance_split
ac03060,ثمانون الف ريال فقط لا غير,80000,80000,80000,80000,80000,80000,edit_distance_split
ac03063,ثمانيمايه ريال لا غير,800,800,,800,800,800,edit_distance_split
ac03065,تسعه وثلاثون الف ريال لا غير,39000,39000,39000,39000,39000,39000,edit_distance_split
ac03066,فقط اربعه الاف ومايتين ريال لاغي,4200,4200,4200,4200,4200,4200,edit_distance_split
ac03067,سته الاف وثاثايه وستون ريال,6860,6860,6060,6360,6360,6360,edit_distance_split
ac03069,ثلاثه الاف وثمانون ريال,3080,3080,3080,3080,3080,3080,edit_distance_split
ac03071,فقط ثمايان ريال لا غير,2000,200,,8,8,8,edit_distance_split
ac03072,فقط خمسمايه سته وتسعون ريال لا غير,596,596,596,596,596,596,edit_distance_split
ac03074,الفان ريال فقط لا غير,2000,2000,2000,2000,2000,2000,edit_distance_split
ac03077,الفين وستمايه وسته واربعون ريال,2646,2646,2646,2646,2646,2646,edit_distance_split
ac03082,الف ريال لا غير,1000,1000,1000,1000,1000,1000,edit_distance_split
ac03084,فقط اربعمايه وسته وعشرون الف وخمانيه وسته عشريال,29516,426516,426006,426014,426014,426014,edit_distance_split
ac03086,سبعه الاف ريال,1000,1000,7000,7000,7000,7000,edit_distance_split
ac03087,الف وثلاث ريال,1300,1300,1003,1003,1003,1003,edit_distance_split
ac03088,سبعمايه وخمسون ريال لا غير,750,750,750,750,750,750,edit_distance_split
ac03089,خمسه عشر الف ريال فقط ير,15000,15000,15000,15000,15000,15000,edit_distance_split
ac03094,سبمايه الف ريال فقط,600000,600000,1000,600000,600000,600000,edit_distance_split
ac03095,عشرون الف ريال لا غير,20000,20000,20000,20000,20000,20000,edit_distance_split
ac03099,الف وستمايه ريال لا غير,1600,1600,1600,1600,1600,1600,edit_distance_split
ac03100,اثنا عشر الف ريال,12000,12000,12000,12000,12000,12000,edit_distance_split
ac03101,فقط الف وسعمايه ريال,1600,1600,1000,1900,1900,1900,edit_distance_split
ac03102,فقط ثلاثه الاف ريال لا غير,3000,3000,3000,3000,3000,3000,edit_distance_split
ac03103,اربعه عشر الف واربعمايه واربعون ريال لا غير,1440,14440,14440,14440,14440,14440,edit_distance_split
ac03104,فقط اربعمايه وعشرون ريالا لا غير,220,420,420,420,420,420,edit_distance_split
ac03105,سته الاف وثلاثمايه واربعه وثلاثون ريال لا غير,634,6334,6334,6334,6334,6334,edit_distance_split
ac03106,خمسه الاف ريال فقط,5000,5000,5000,5000,5000,5000,edit_distance_split
ac03107,فقط خمسه وعشرون الف ريال لا غير,25000,25000,25000,25000,25000,25000,edit_distance_split
ac03108,فقط اربعه عشر الف ريال لا غير,14000,14000,14000,14000,14000,14000,edit_distance_split
ac03109,اربعه عشر الف واربعمايه وثمانيه ريال لا غير,14408,14408,14408,14408,14408,14408,edit_distance_split
ac03112,خمسمايه وسبعون ريال فقط,570,570,570,570,570,570,edit_distance_split
ac03114,الفان وسبعمايه وخمسون ريال لا غير,2750,2750,2750,2750,2750,2750,edit_distance_split
ac03116,اقد الف واربعمايه وعشرون ريال لا غير,1425,1425,1420,1420,1420,1420,edit_distance_split
ac03117,اثن عشر الف وسبعمايه وخمسون ريال,127500,12750,10750,12750,12750,12750,edit_distance_split
ac03120,ثلاثمايه الف ريال لا غير,30000,300000,300000,300000,300000,300000,edit_distance_split
ac03121,الف وثمانمايه ريال فقط لا غير,1800,1800,1800,1800,1800,1800,edit_distance_split
ac03122,خمسه الاف وسبعمايه وسبعه وعشرون ريال لا غير,5727,5727,5727,5727,5727,5727,edit_distance_split
ac03125,ثلاثه الاف ريال لا غير,3000,3000,3000,3000,3000,3000,edit_distance_split
ac03126,سبعون الف ريال لا غير,70000,70000,70000,70000,70000,70000,edit_distance_split
ac03129,فقط سبعمايه واربعه عشر ريال لا غير,714,714,714,714,714,714,edit_distance_split
ac03133,وقدره الفان واربعمايه وخمسون ريال لا غير,3580,2450,2450,2450,2450,2450,edit_distance_split
ac03134,خقعشرون الف ريال لا غير,20000,20000,1000,20000,20000,20000,edit_distance_split
ac03138,فقط عشره الاف ريال لا غير,10000,10000,10000,10000,10000,10000,edit_distance_split
ac03142,ثمانيه الاف ريال فقط لا غير,8000,8000,8000,8000,8000,8000,edit_distance_split
ac03143,فقطثلاثه الاف وثمانمايه واربعه واربعون ريال لا غير,384,3844,1844,3844,3844,3844,edit_distance_split
ac03146,الف ريال فقط لا غير,1000,1000,1000,1000,1000,1000,edit_distance_split
ac03147,فقط الف وايه وسبعه وثمانون ريال,1187,1187,1087,1187,1187,1187,edit_distance_split
ac03148,فقط ثلاثه الاف وثلاثمايه واثنان وثمانون ريال,3382,3382,3382,3382,3382,3382,edit_distance_split
ac03149,فقط تسعمايه الف ريال لا غير,90000,900000,900000,900000,900000,900000,edit_distance_split
ac03150,فقط الف وميتان واحد واربعون ريال لا غير,1241,1241,1241,1241,1241,1241,edit_distance_split
ac03153,سبعه الاف وتسعمايه وخمسون ريال لا غير,7950,7950,7950,7950,7950,7950,edit_distance_split
ac03154,فقط ثلاثون الف ريال لا غير,30000,30000,30000,30000,30000,30000,edit_distance_split
ac03159,ثلاثه الاف ريال سعوري لاغير,3000,3000,3000,3000,3000,3000,edit_distance_split
ac03160,ثلاثه الاف و اربعمايه وخمسون ريال لا غير,3450,3450,3450,3450,3450,3450,edit_distance_split
ac03162,فقط خمسه وثلاثون الف ريال لا غير,35000,35000,35000,35000,35000,35000,edit_distance_split
ac03163,الف ومايتن ريال فقط,1200,1200,1000,1200,1200,1200,edit_distance_split
ac03166,عشرون الف ريال لا غير,20000,20000,20000,20000,20000,20000,edit_distance_split
ac03167,الف وثلاثمايه وخمسه عشر ريال,1315,1315,1315,1315,1315,1315,edit_distance_split
ac03168,فقط خمسه الاف ريال سعوريال لا غير,5000,5000,5000,5000,5000,5000,edit_distance_split
ac03170,فقط مايه الف ريال,10000,100000,1100,1100,1100,1100,edit_distance_split
ac03176,فقط الف وماين ريال لا غير,1200,1200,1000,1008,1008,1000,direct
ac03184,فقط ثلاثمايه ريال سعولا غير,300,300,300,300,300,300,edit_distance_split
ac03187,فقط الف واربعمايه ريال لا غير,1400,1400,1400,1400,1400,1400,edit_distance_split
ac03188,فقط خمسه الاف وخمسمايه ريال لا غير,2500,5500,5500,5500,5500,5500,edit_distance_split
ac03189,تسعه الاف ريال فقط,9000,9000,9000,9000,9000,9000,edit_distance_split
ac03191,الف ومايه ريال لا غير,1100,1100,1100,1100,1100,1100,edit_distance_split
ac03195,تسعمايه ريال لا غير,900,900,900,900,900,900,edit_distance_split
ac03202,سته الاف وخمسمايه ريال فقط,6500,6500,6500,6500,6500,6500,edit_distance_split
ac03204,سبعه الاف وخمسه وتسعون ريال لا غير,7095,7095,7095,7095,7095,7095,edit_distance_split
ac03208,سبعه وثلاثون الف ريال قط لا غير,37000,37000,37000,37000,37000,37000,edit_distance_split
ac03209,ثلاثون الف ريال,451010,30000,30000,30000,30000,30000,edit_distance_split
ac03210,فقط الف ريال لا غير,10000,1000,1000,1000,1000,1000,edit_distance_split
ac03212,فقط خمسون الف ريال لا غير,50000,50000,50000,50000,50000,50000,edit_distance_split
ac03213,فقط خمسمايه ريال لا غير,500,500,500,500,500,500,edit_distance_split
ac03214,فقط الفان وستمايه وعشرون ريال لا غير,2720,2720,2620,2620,2620,2620,edit_distance_split
ac03215,اربعه عشر الف واربعمايه وخمسون ريال,1450,14450,14450,14450,14450,14450,edit_distance_split
ac03216,تسعه الاف وميتان ومسون ريال لا غير,9250,9250,9200,9250,9250,9250,edit_distance_split
ac03218,اثنان وثلاثون الف ريال فقط,32000,32000,32000,32000,32000,32000,edit_distance_split
ac03219,ثمانون الف ومايه واربع واربعون ريال قط,80144,80144,80144,80144,80144,80144,edit_distance_split
ac03220,اربعه الاف وثمانون ريال لا غير,4080,4080,4080,4080,4080,4080,edit_distance_split
ac03222,سته الاف ومايه وتسعه وثلاثون ريال,6139,6139,6139,6139,6139,6139,edit_distance_split
ac03225,تسعه الاف وتسعمايه واربعه وخمسون ريال لا غير,9954,9954,9954,9954,9954,9954,edit_distance_split
ac03226,فقط سبعماه وعشرون ريال لا غير,720,720,20,720,720,720,edit_distance_split
ac03227,فقط ثلاثمايه الف ريال لا غير,30000,300000,300000,300000,300000,300000,edit_distance_split
ac03231,مايتان وخمسيه وتسعون ريال,295,295,290,295,295,295,edit_distance_split
ac03232,اربعه الاف وخمسمايه ريال لا غير,4500,4500,4500,4500,4500,4500,edit_distance_split
ac03233,خمسه عشر الف ومايه وثلاثه وخمسون ريال لا غير,15153,15153,15153,15153,15153,15153,edit_distance_split
ac03236,وقدرهثلاثون الف ريال فقط,30000,30000,1000,1000,1000,1000,edit_distance_split
ac03237,خمسمايه وسبعه وخمسون ريال لا غير,557,557,557,557,557,557,edit_distance_split
ac03238,عشره الاف ريال قط,1000,10000,10000,10000,10000,10000,edit_distance_split
ac03239,الفان وخمسمايه ريال لا غير,2500,2500,2500,2500,2500,2500,edit_distance_split
ac03241,وقره الف وخمسه وثلاثون ريال,10735,1035,1035,10035,10035,10035,edit_distance_split
ac03243,فقط لين ومايتين واثن وخمسون ريال لا غير,2252,2252,250,252,252,252,edit_distance_split
ac03244,وقدره عشره الاف ريال فقط لا غير,210000,10000,10000,10000,10000,10000,edit_distance_split
ac03245,الفا وثمانمايه ريال لا غير,2800,2800,1800,1800,1800,1800,edit_distance_split
ac03247,ثمانيه الف وتسعمايه وعشره ريال فقط لا غير,8910,8910,8910,8910,8910,8910,edit_distance_split
ac03249,فقط خمسه الاف ريال لا غير,5000,5000,5000,5000,5000,5000,edit_distance_split
ac03250,فقط الفا وثمانمايه وخمسون ريال لا غير,2850,2850,1850,1850,1850,1850,edit_distance_split
ac03253,الفن وثمانمايه وخمسه ريال لا غير,28050,2805,805,1805,1805,1805,edit_distance_split
ac03254,ثمانمايه ريال لا غير,800,800,800,800,800,800,edit_distance_split
ac03255,خمسه الاف وخمايه وعشرون ريال لا غير,5520,5520,5020,5120,5120,5120,edit_distance_split
ac03256,الف ال ثمان ريال,11000,1000,1008,2008,2008,1008,direct
ac03257,فقط خمسه الاف وتسعمايه وخمسه وعشرون ريال لا غير,5925,5925,5925,5925,5925,5925,edit_distance_split
ac03263,فقط عشره الف ريال لا غير,10000,10000,10000,10000,10000,10000,edit_distance_split
ac03265,الفان وخمسمايه ريال لا غير,2500,2500,2500,2500,2500,2500,edit_distance_split
ac03266,فقط سه والافن ريال ف لا غير,10000,10000,,1000,1000,1000,edit_distance_split
ac03267,فقط احد وعشرون الف وتسعه وتسعون ريال لا غير,2199,21099,21099,21099,21099,21099,edit_distance_split
ac03268,فقط خمسه عشر الف ريال لا غير,15000,15000,15000,15000,15000,15000,edit_distance_split
ac03269,فقط تسعه الاف ريال لا غير,9000,9000,9000,9000,9000,9000,edit_distance_split
ac03271,فقط اربعمايه الف ريال لا غير,40000,400000,400000,400000,400000,400000,edit_distance_split
ac03272,فقط الف ريال لا غير,1000,1000,1000,1000,1000,1000,edit_distance_split
ac03273,سبعه الاف وخمسمايه ريال,7500,7500,7500,7500,7500,7500,edit_distance_split
ac03274,فقط خمسه الاف ريال لا غير,5000,5000,5000,5000,5000,5000,edit_distance_split
ac03275,فقط اربعه الاف ومايه واحد وخمسون ريال,4151,4151,4151,4151,4151,4151,edit_distance_split
ac03278,فقط سبعمايه وثلاثون ريال لا غير,730,730,730,730,730,730,edit_distance_split
ac03279,فقط ثلاثه الاف ي,3100,3000,3000,3000,3000,3000,edit_distance_split
ac03282,خمسه الاف ومايه وخمسه واربعون ريال,5145,5145,5145,5145,5145,5145,edit_distance_split
ac03284,فقط ثمانيه وستن الف وثمنمايه وعشرن ريال لا غير,68820,68820,8000,14810,14810,14810,edit_distance_split
ac03285,فقط ستمايه ريال لا غير,600,600,600,600,600,600,edit_distance_split
ac03286,فقط ثمانيه عشرالف ومايه ريال لا غير,18100,18100,800,800,18100,18100,edit_distance_split
ac03288,فقط الفان وخمسمايه ريال لا غير,25100,2500,2500,2500,2500,2500,edit_distance_split
ac03289,احد عشر الف وثلاثمايه وثمانيه وعشرون ريالا غير,11328,11328,11328,11328,11328,11328,edit_distance_split
ac03290,فقط اربعون الف ريال لا غير,4000,40000,40000,40000,40000,40000,edit_distance_split
ac03292,خمسه الاف ومايه وخمسه واربعون ريال فقط,5145,5145,5145,5145,5145,5145,edit_distance_split
ac03293,سته الاف ريال قط,10000,6000,6000,6000,6000,6000,edit_distance_split
ac03296,فقط احد وثلاثون الف واربعمايه ريال لا غير,31400,31400,31400,31400,31400,31400,edit_distance_split
ac03297,خمسه عشر الف ريال فقط لا غير,15000,15000,15000,15000,15000,15000,edit_distance_split
ac03298,فقط ثلاثون الف ريال لا غير,30000,30000,30000,30000,30000,30000,edit_distance_split
ac03299,سته عشر الف ريال فقط لا غير,16000,16000,16000,16000,16000,16000,edit_distance_split
ac03302,وقدره الف وتسعمايه ريال لا غير,1900,1900,1900,1900,1900,1900,edit_distance_split
ac03304,مايه وسبعه وثمانون ريال لا غير,187,187,187,187,187,187,edit_distance_split
ac03308,الفين واربعون ريال لا غير,2040,2040,2040,2040,2040,2040,edit_distance_split
ac03311,فقط سته الاف ريال لا غير,60000,6000,6000,6000,6000,6000,edit_distance_split
ac03316,سته وعشر الف و ستميه وثلاثه واربعون ريال,1643,16643,16043,16643,16643,16643,edit_distance_split
ac03318,عشره الاف و ستمايه واثن وثمانون ريال,1682,10682,10680,10682,10682,10682,edit_distance_split
ac03321,مايه ريال سعوريلا غير,100,100,100,100,100,100,edit_distance_split
ac03322,فقط ثلاثه الاف وثلاثمايه ريال لا غير,300,3300,3300,3300,3300,3300,edit_distance_split
ac03328,فقف وخمسمايه واربعه عشر ريال لا غير,1514,1514,514,514,514,514,edit_distance_split
ac03329,ععشره الاف ريال لا غير,10000,10000,1000,10000,10000,10000,edit_distance_split
ac03330,اربعن الف ريال فقط لا غير,4000,4000,1000,4000,4000,4000,edit_distance_split
ac03331,اربعمايه ريال لا غير,400,400,400,400,400,400,edit_distance_split
ac03333,فقط الفان وخمسمايه ريال لا غير,2500,2500,2500,2500,2500,2500,edit_distance_split
ac03334,ثلاثه الاف وماين ريال لا غير,3200,3200,3000,3008,3008,3000,direct
ac03337,فقط عشره الف ريال,10000,10000,10000,10000,10000,10000,edit_distance_split
ac03338,ثنعشر الف ريال فقط لا غير,12000,12000,1000,10000,10000,10000,edit_distance_split
ac03341,خمسمايه ريال فقط لا غير,1500,500,500,500,500,500,edit_distance_split
ac03342,عون الاف ريال,10000,10000,1000,1000,1000,1000,edit_distance_split
ac03344,فقط خمسه الاف ريال لا غير,500,5000,5000,5000,5000,5000,edit_distance_split
ac03348,خمسمايه ريال فقط,500,500,500,500,500,500,edit_distance_split
ac03349,فقط اربعه الاف وثمانمايه وخمسه وسبعون ريال,2895,4895,4875,4875,4875,4875,edit_distance_split
ac03350,الف واربعه واربعون ريال لا غير,1044,1044,1044,1044,1044,1044,edit_distance_split
ac03351,فقط عشره الاف وميتان وتسعون ريال لا غير,10290,10290,10290,10290,10290,10290,edit_distance_split
ac03354,عشره الاف ريال فقط لا غير,10000,10000,10000,10000,10000,10000,edit_distance_split
ac03360,الف ومايته وخمسمايه وسبعون ريال,1175,1175,1570,1670,1670,1670,edit_distance_split
ac03361,فقط ثلاثه الاف واثنان وستون ريال لا غير,3062,3062,3062,3062,3062,3062,edit_distance_split
ac03366,ثلاثه الاف وخمسمايه وخمسه وثلاثون ريال فقط,3535,3535,3535,3535,3535,3535,edit_distance_split
ac03367,قط ل الط,3000,4000,,1000,1000,1000,edit_distance_split
ac03371,خمسه الاف ومايه وخمسه واربعون ريال,5145,5145,5145,5145,5145,5145,edit_distance_split
ac03374,الفيه وثانمانيه ريال لا غير,2800,2800,,2008,2008,2008,edit_distance_split
ac03378,اربعه وعشرون الف واثنان وسبعون ريال فقط,24072,24072,24072,24072,24072,24072,edit_distance_split
ac03379,فقط خمسه الاف ريال لا غير,5000,5000,5000,5000,5000,5000,edit_distance_split
ac03380,فقط الف ومايه ريال لا غير,1100,1100,1100,1100,1100,1100,edit_distance_split
ac03381,فقط عشره الاف ريال لا غير,10000,10000,10000,10000,10000,10000,edit_distance_split
ac03384,خمسون الف ريال لا غير,5000,50000,50000,50000,50000,50000,edit_distance_split
ac03387,فقط خمسه عشر الف ريال لا غير,15000,15000,15000,15000,15000,15000,edit_distance_split
ac03388,سبعه الف ريال لا غير,7000,7000,7000,7000,7000,7000,edit_distance_split
ac03389,فقط اربعه عشر الف ريال لا غير,14000,14000,14000,14000,14000,14000,edit_distance_split
ac03392,سته الاف وميتان ريال لا غير,6200,6200,6200,6200,6200,6200,edit_distance_split
ac03393,وقدرهخمسه الاف ريال فقط لا غير,5000,5000,1000,1000,1000,1000,edit_distance_split
ac03394,وقدره عشره الاف ريال فقط لا غير,10000,10000,10000,10000,10000,10000,edit_distance_split
ac03395,اربعه الاف ريال لا غير,4000,4000,4000,4000,4000,4000,edit_distance_split
ac03396,تسعمايه ريال لا غير,900,900,900,900,900,900,edit_distance_split
ac03398,ثلاثه الاف ريال لا غير,3000,3000,3000,3000,3000,3000,edit_distance_split
ac03400,الف وتسعمايه وثمانيه وثمانون ريال,1988,1988,1988,1988,1988,1988,edit_distance_split
ac03401,الف ريال لا غير,2000,2000,1000,1000,1000,1000,edit_distance_split
ac03402,قالف ريال لا غير,1000,1000,,1000,1000,1000,edit_distance_split
ac03403,فقط عه الف ريال لا غير,50000,50000,1000,1000,1000,1000,edit_distance_split
ac03404,الف ريال قط لا غير,1000,1000,1000,1000,1000,1000,edit_distance_split
ac03405,فقط سته عشر الف وخمسمايه ريال لا غير,16500,16500,16500,16500,16500,16500,edit_distance_split
ac03408,الفين وخمسمايه وستون يل,2560,2560,2560,2560,2560,2560,edit_distance_split
ac03410,فقط مان واحد ريال وسو لهل لا غير,20160,20160,1,9,9,1,direct
ac03414,فقط ثلاثه الاف ريال لا غير,3000,3000,3000,3000,3000,3000,edit_distance_split
ac03415,عشرون الف ريال فقط لا غير,20000,20000,20000,20000,20000,20000,edit_distance_split
ac03418,الف وخمسمايه ريال لا غير,15800,1500,1500,1500,1500,1500,edit_distance_split
ac03423,خمسمايه وخمسون ريال,550,550,550,550,550,550,edit_distance_split
ac03426,ثلاثه عشر الف وسبعمايه وخمسون ريال لا غير,13750,13750,13750,13750,13750,13750,edit_distance_split
ac03427,الفان وخمسمايه ريال لا غير,2500,2500,2500,2500,2500,2500,edit_distance_split
ac03428,الفان وثمان مايه ريال عودقط لا غير,2800,2800,2800,2800,2800,2800,edit_distance_split
ac03430,فقط سبعه الاف ثلاثماه وخمسه ريال لا غير,77305,7305,7005,7305,7305,7305,edit_distance_split
ac03432,فقط اربعه وثمانون الف ريال لا غير,84000,84000,84000,84000,84000,84000,edit_distance_split
ac03436,فقط ثمانيه عشر الف وثلاثيه ريال لا غير,18300,18300,18000,18003,18003,18000,direct
ac03437,فقط الف ومتان واربعون ريال لا غير,1240,1240,1040,1048,1048,1040,direct
ac03438,فقط تسعه عشر الف وثلاثه وسبعون ريالا لا غير,19073,19073,19073,19073,19073,19073,edit_distance_split
ac03444,فقط اربعه الاف وستمايه وسبعه ريال لا غير,4607,4607,4607,4607,4607,4607,edit_distance_split
ac03445,سبعه وثمانون الف ريال فقط لا غير,87000,87000,87000,87000,87000,87000,edit_distance_split
ac03446,الف وثمانمايه وخمسون ريال فقط,1850,1850,1850,1850,1850,1850,edit_distance_split
ac03448,وقدره الف ريال لا غير,1000,1000,1000,1000,1000,1000,edit_distance_split
ac03449,فقط عشرون الف ريال لا غير,200000,20000,20000,20000,20000,20000,edit_distance_split
ac03450,فقط واحد وعشرون الف ريال لا غير,21000,21000,21000,21000,21000,21000,edit_distance_split
ac03451,الفان وسبعمايه وتسعه وسبعون ريال لا غير,2779,2779,2779,2779,2779,2779,edit_distance_split
ac03453,فقط ثلاثه الاف و تسعمايه وعشر ريال لا غير,3910,3910,3910,3910,3910,3910,edit_distance_split
ac03454,فقط الفين وتسعمايه واثنين وخمسون ريال لا غير,2952,2952,2952,2952,2952,2952,edit_distance_split
ac03455,اربعه وعشون الف ريال لا غير,24000,24000,4000,24000,24000,24000,edit_distance_split
ac03458,الف وثمانون ريال لا غير,1080,1080,1080,1080,1080,1080,edit_distance_split
ac03461,خمسه الف وستمايه ريال لا غير,5600,5600,5600,5600,5600,5600,edit_distance_split
ac03463,فقط خمسه عشر الف ريال لا غير,15000,15000,15000,15000,15000,15000,edit_distance_split
ac03464,سبعه الاف ريال لا غير,70000,70000,7000,7000,7000,7000,edit_distance_split
ac03465,خمسمايه الف ريال فقط لا غير,50000,500000,500000,500000,500000,500000,edit_distance_split
ac03467,خمسمايه الف ريال لا غير,50000,500000,500000,500000,500000,500000,edit_distance_split
ac03468,مايه وخمسون الف ريال فقط لا غير,150000,150000,50100,50100,50100,50100,edit_distance_split
ac03469,الف فريال,2000,2000,1000,1000,1000,1000,edit_distance_split
ac03470,فقط الفين ريال لا غير,2000,2000,2000,2000,2000,2000,edit_distance_split
ac03471,فقط عشره الاف ريال لا غير,10000,10000,10000,10000,10000,10000,edit_distance_split
ac03474,فقط ثلاثه الف واربعمايه واحد عشره ريال,3411,3411,3411,3411,3411,3411,edit_distance_split
ac03476,فقط خمسون الف ريال لا غير,50000,50000,50000,50000,50000,50000,edit_distance_split
ac03479,خمسون الف ريال لا غير,50000,50000,50000,50000,50000,50000,edit_distance_split
ac03480,فقط سبعه الاف وخمسمايه ريال لا غير,7500,7500,7500,7500,7500,7500,edit_distance_split
ac03481,فقط الف وثلاثمايه وخمسون ريال لا غير,1750,1350,1350,1350,1350,1350,edit_distance_split
ac03483,اربعه الاف ريال,4000,4000,4000,4000,4000,4000,edit_distance_split
ac03484,الف وثمانمايه ريال فقط لا غير,1800,1800,1800,1800,1800,1800,edit_distance_split
ac03485,خمسون الف ريال لا غير,50000,50000,50000,50000,50000,50000,edit_distance_split
ac03486,تسعمايه وثلاثه وتسعون ريال لا غير,992,993,993,993,993,993,edit_distance_split
ac03487,خمسمايه ريالف فلا غير,500,500,500,500,500,500,edit_distance_split
ac03488,ان وثمانون ريال فقط لا غير,280,280,80,80,80,80,edit_distance_split
ac03489,فقط ثلاثه الاف وثلاثمايه وعشرون ريال لا غير,3320,3320,3320,3320,3320,3320,edit_distance_split
ac03490,خمسمايه ريال فقط لا غير,500,500,500,500,500,500,edit_distance_split
ac03491,اثني عشر الف ريال فقط لا غير,1000,12000,12000,12000,12000,12000,edit_distance_split
ac03492,الحف وان ريال لا غير,1080,1080,,1000,1000,1000,edit_distance_split
ac03493,فقط الفان وخمسمايه وثمانون ريال لا غير,2580,2580,2580,2580,2580,2580,edit_distance_split
ac03495,فقده ومايه وخمسه وعشرون ريال لا غير,1125,1125,125,125,125,125,edit_distance_split
ac03496,الفان ريال قط لا غير,2000,2000,2000,2000,2000,2000,edit_distance_split
ac03497,الف وسبعمايه واحد وسبعون ريال لا غير,1771,1771,1771,1771,1771,1771,edit_distance_split
ac03498,ثلاثون الف ريال فقط,30000,30000,30000,30000,30000,30000,edit_distance_split
ac03500,خمسون الف ريال لا غير,50000,50000,50000,50000,50000,50000,edit_distance_split
ac03501,ثلاثه الاف ريال فقط,3000,3000,3000,3000,3000,3000,edit_distance_split
ac03503,الفان وثتان واربعون ريال فقطلا غير,2240,2240,2040,50000,50000,2040,direct
ac03504,ثمانيه وستون الف ريال فقط لا غير,68000,68000,68000,68000,68000,68000,edit_distance_split
ac03505,فقط الفان وخمسمايه وخمسون ريال لا غير,25500,2550,2550,2550,2550,2550,edit_distance_split
ac03509,عشره الاف ريال فقط لا غير,10000,10000,10000,10000,10000,10000,edit_distance_split
ac03510,فقط سون الاف ريال لا غير,60000,60000,1000,60000,60000,60000,edit_distance_split
ac03511,فقط خمسه عشر الف ريال لا غير,15000,15000,15000,15000,15000,15000,edit_distance_split
ac03512,فقط واحد ثلاثون الفا وستاه وثمانون ريالا لا غير,3033,31680,31080,31086,31086,31086,edit_distance_split
ac03513,خمسه الاف وسته وسبعون ريال لا غير,5096,5096,5076,5076,5076,5076,edit_distance_split
ac03514,فقط اربعون الف ريال لا غير,40000,40000,40000,40000,40000,40000,edit_distance_split
ac03517,فقط اربعه الاف وخمسمايه واربعه عشر ريال لا غير,4514,4514,4514,4514,4514,4514,edit_distance_split
ac03518,فقط خمسايه الف ريال لا غير,20000,500000,1000,500000,500000,500000,edit_distance_split
ac03519,فقط عشره الف ريال لا غير,100000,10000,10000,10000,10000,10000,edit_distance_split
ac03520,فقط عشره الف ريال لا غير,10000,10000,10000,10000,10000,10000,edit_distance_split
ac03521,فقط عشره الف ريال لا غير,10000,10000,10000,10000,10000,10000,edit_distance_split
ac03528,الفان وخمسمايه واربع وسبعون ريالا لا غير,2574,2574,2574,2574,2574,2574,edit_distance_split
ac03529,خمسه الاف وماين ريال,5200,5200,5000,5008,5008,5000,direct
ac03530,الفين وثمانمايه وخمسون ريال لا غير,2850,2850,2850,2850,2850,2850,edit_distance_split
ac03532,فقط اربعه وعشرون الف ريال لا غير,24000,24000,24000,24000,24000,24000,edit_distance_split
ac03534,وقدره عشره الاف ريال فقط لا غير,10000,10000,10000,10000,10000,10000,edit_distance_split
ac03535,فقط اربعه وعشرون الف ريال لا غير,24000,24000,24000,24000,24000,24000,edit_distance_split
ac03536,فقط اربعه وعشرون الف ريال لا غير,24000,24000,24000,24000,24000,24000,edit_distance_split
ac03537,عشره الاف ريال لا غير,10000,10000,10000,10000,10000,10000,edit_distance_split
ac03542,فقط الفان وعشره ريال لا غير,2440,2010,2010,2010,2010,2010,edit_distance_split
ac03543,وقدرثمانيه الاف وخمسمايه ريال لا غير,8500,8500,1500,1500,1500,1500,edit_distance_split
ac03544,ثلاثه لاون ريال,3000,3000,3,3,3,3,edit_distance_split
ac03545,فقط عشرون الف ريال لا غير,20000,20000,20000,20000,20000,20000,edit_distance_split
ac03548,خمسه الاف ومايه وخمسه واربعون ريال,5145,5145,5145,5145,5145,5145,edit_distance_split
ac03550,فقط ثلاثه وخمسون الف وثلاثمايه ريال لا غير,53300,53300,53300,53300,53300,53300,edit_distance_split
ac03551,ستمايه ريال فقط لا غير,600,600,600,600,600,600,edit_distance_split
ac03552,فقط خمسه عشر الف وثمانومايه ريال لا غير,3380,15800,15000,15800,15800,15800,edit_distance_split
ac03553,سبعه وعشرون الف وتسعمايه ريالا لا غير,27900,27900,27900,27900,27900,27900,edit_distance_split
ac03560,فقط الف ومايه ريال لا غير,1100,1100,1100,1100,1100,1100,edit_distance_split
ac03561,ثلاثه الاف وستمايه ريال لا غير,3600,3600,3600,3600,3600,3600,edit_distance_split
ac03562,فقط خمسه و عشرون لاف ريال لا غير,25000,25000,25000,25000,25000,25000,edit_distance_split
ac03563,فقط عشره الف ريال لا غير,10000,10000,10000,10000,10000,10000,edit_distance_split
ac03564,فقط خمسون لع سا لا غير,50000,50000,50,56,56,50,direct
ac03569,ستمايه ريال لا غير,600,600,600,600,600,600,edit_distance_split
ac03570,عشره الاف ريال لا غير,10000,10000,10000,10000,10000,10000,edit_distance_split
ac03571,الف ومايه وخمسون ريال لا غير,1150,1150,1150,1150,1150,1150,edit_distance_split
ac03573,ثلاثه الاف وسعمايه واربع عشره ريال,3914,3914,3014,3914,3914,3914,edit_distance_split
ac03575,الف رياللا غير,2000,2000,1000,1000,1000,1000,edit_distance_split
ac03576,فقط ثلثه الاف وثمانمايه واربعه وتسعون ريال لا غير,3894,3894,1894,3894,3894,3894,edit_distance_split
ac03578,فقط اربعه الاف وثمانمايه وتسعه وتسعون ريال لا غير,489,4899,4899,4899,4899,4899,edit_distance_split
ac03579,الفن ريال لا غير,2000,2000,,1000,1000,1000,edit_distance_split
ac03580,اثنا عشر الف وخمسمايه ريال لا غير,1200,12500,12500,12500,12500,12500,edit_distance_split
ac03582,الف وخمسمايه اربعه وسبعون ريال لا غير,1574,1574,1574,1574,1574,1574,edit_distance_split
ac03583,اربعه الاف واربعه وثلاثون ريال لا غير,4034,4034,4034,4034,4034,4034,edit_distance_split
ac03585,ثمانييه الف ريال فقط,80000,80000,1000,8000,8000,8000,edit_distance_split
ac03588,خمسه الاف ريال لا غير,5000,5000,5000,5000,5000,5000,edit_distance_split
ac03593,فقط الف وثمانمايه وسبعه وستون ريال لا غير,1867,1867,1867,1867,1867,1867,edit_distance_split
ac03598,خمسه عشر الف ريال فقط,15000,15000,15000,15000,15000,15000,edit_distance_split
ac03600,وقدره عشره الاف ريال فقط لا غير,210000,10000,10000,10000,10000,10000,edit_distance_split
ac03602,فقط الف ريال لا غير,1000,1000,1000,1000,1000,1000,edit_distance_split
ac03605,الف وخمسمايه ريال لا غير,1500,1500,1500,1500,1500,1500,edit_distance_split
ac03606,فقط اربعه عشر الف ومان واثنان وثلاثون ريال لا غير,14232,14232,14032,14040,14040,14032,direct
ac03607,خمسه الاف وخمسون ريال لا غير,5050,5050,5050,5050,5050,5050,edit_distance_split
ac03613,ثلاثه الف ريال فقطا,3000,3000,3000,3000,3000,3000,edit_distance_split
ac03614,فقط ربعمايه الف ريال لا غير,40000,400000,1000,700000,700000,700000,edit_distance_split
ac03615,فقط ثلاثمايه وثمانيه عشر الف ريال لا غير,1858,318000,318000,318000,318000,318000,edit_distance_split
ac03616,اربعه الاف ريال لا غير,4000,4000,4000,4000,4000,4000,edit_distance_split
ac03620,فقط ثمانمايه مايه واربعن ريال لا غير,8648,848,80000,80004,80004,80004,edit_distance_split
ac03622,فقط الفين وخمسمايه وخمسون ريال لا غير,2550,2550,2550,2550,2550,2550,edit_distance_split
ac03623,فقط اثنين عشره الف ريال لا غير,12000,12000,12000,12000,12000,12000,edit_distance_split
ac03626,فقط ثلاثون الف ريال لا غير,30000,30000,30000,30000,30000,30000,edit_distance_split
ac03628,فقط عشره الف ريال لا غير,10000,10000,10000,10000,10000,10000,edit_distance_split
ac03629,فقط الف وخمسمايه ريال غير,1500,1500,1500,1500,1500,1500,edit_distance_split
ac03631,وقدرهتسعين ريال لا غير,2000,2000,,,,,unresolved
ac03633,فقط ثمانيه وستون الف وثمانمايه وسون ريالا لا غير,68850,68850,68800,68860,68860,68860,edit_distance_split
ac03635,فقط مانيه الف ريال لا غير,100000,100000,1000,1100,1100,1000,direct
ac03638,سته الاف ومايه وسبعه وستون ريال,6167,6167,6167,6167,6167,6167,edit_distance_split
ac03639,فقط الفريال لا غير,20000,2000,,1000,1000,1000,edit_distance_split
ac03641,فقط الف وستمايه وسبعه وستون ريال لا غير,1667,1667,1667,1667,1667,1667,edit_distance_split
ac03643,فقط اربعون الف ريال لا غير,40000,40000,40000,40000,40000,40000,edit_distance_split
ac03644,سبعون الف ريال لا غير,7000,70000,70000,70000,70000,70000,edit_distance_split
ac03646,فقط مايه واربعون الف ريال لا غير,14000,140000,40100,40100,40100,40100,edit_distance_split
ac03647,مايه الف ريال لا غير,100000,100000,1100,1100,1100,1100,edit_distance_split
ac03648,الفين ريال فقط لا غير,2000,2000,2000,2000,2000,2000,edit_distance_split
ac03650,وقدرهعشره الاف ريال فقط لا غير,10000,10000,1000,1000,1000,1000,edit_distance_split
ac03652,الف ريال و سع ال,1000,1000,1000,7000,7000,1000,direct
ac03653,فقط الفان وخمسمايه ريال لا غير,2500,2500,2500,2500,2500,2500,edit_distance_split
ac03660,فقط اثنان وعشرون ال وثمانمايه واثنا عشرن ريال لا غير,2281,22812,824,22812,22812,22812,edit_distance_split
ac03664,تسعه الاف وسبعمايه وثمانيه وتسعون ريال فقط,9798,9798,9798,9798,9798,9798,edit_distance_split
ac03665,فقط اثنين وعشرن الف واربعمايه ريال لا غير,22400,22400,2400,12400,12400,12400,edit_distance_split
ac03669,فقط خمسه الف ريال لا غير,5000,5000,5000,5000,5000,5000,edit_distance_split
ac03673,فقط ثلاثه الاف ريال لا غير,3000,3000,3000,3000,3000,3000,edit_distance_split
ac03674,احد عشره الفا و مايتان و سعون ريال,1250,11250,11200,11260,11260,11260,edit_distance_split
ac03675,مايه واحدع وعشرون الف ومايتين ريال لا غير,398,121200,20300,21300,21300,21300,edit_distance_split
ac03676,اربعه وثلاثون الف ريال لا غير,3400,34000,34000,34000,34000,34000,edit_distance_split
ac03677,الفان ريال لا غير,2000,2000,2000,2000,2000,2000,edit_distance_split
ac03679,الفان ريال لا غير,2000,2000,2000,2000,2000,2000,edit_distance_split
ac03680,ثلاثه الاف ريال فقط لا غير,3000,3000,3000,3000,3000,3000,edit_distance_split
ac03681,اربعه الف وثمانمايه ريال لا غير,4800,4800,4800,4800,4800,4800,edit_distance_split
ac03684,فقط خمسه عشرون الف ريال لا غير,25000,250000,25000,25000,25000,25000,edit_distance_split
ac03688,تسعمايه وتسعه وخمسون ريال,959,959,959,959,959,959,edit_distance_split
ac03689,خمسه الاف ريال قط ا,5000,5000,5000,5000,5000,5000,edit_distance_split
ac03692,ثمانيه الف ريال فقط لا غير,10000,100000,8000,8000,8000,8000,edit_distance_split
ac03693,ثلاثون الف ريال فقط لا غير,3000,30000,30000,30000,30000,30000,edit_distance_split
ac03697,ثلاثه وعشرون الف وثمانمايه وسع ريال,389,23809,23800,23809,23809,23809,edit_distance_split
ac03700,سبعمايه وخمسه وسبعون ريال فقط,775,775,775,775,775,775,edit_distance_split
ac03701,فقط الف ومايه ريال لا غير,1100,1100,1100,1100,1100,1100,edit_distance_split
ac03706,اربعه الف وسته مايه وخمسه تون ريال لا غير,465,4665,4605,4665,4665,4665,edit_distance_split
ac03707,عشره الاف ريال لا غير,10000,10000,10000,10000,10000,10000,edit_distance_split
ac03709,فقط سته الاف ومايتان وثمانه عشر ريال لا غير,6218,6218,6210,6218,6218,6218,edit_distance_split
ac03710,اثفان واربعمايه وثمانون ريال فقط لا غير,2480,2480,480,482,482,480,direct
ac03711,اربعه عشر الف ومايه واربعه و سون ريال لا غير,14154,14154,14104,14164,14164,14164,edit_distance_split
ac03712,فقط ثلاثه وعشرون الف وسبعون ريال,23090,23090,23070,23070,23070,23070,edit_distance_split
ac03718,الفين ريال لا غير,2000,2000,2000,2000,2000,2000,edit_distance_split
ac03722,قط ثمايه وستون الف وخمسمايه وستون ريال لا غير,78560,78560,60560,60660,60660,60560,direct
ac03728,وقدر عشر الاف ريالا غير,10000,10000,10000,10000,10000,10000,edit_distance_split
ac03729,ثلاثه الاف ريال فقط,3000,3000,3000,3000,3000,3000,edit_distance_split
ac03730,فقط الف ومايه وحد وثلاثون ريال لا غير,300,1131,1130,1131,1131,1130,direct
ac03734,وقدره عشره الاف ريال فقط لا غير,10000,10000,10000,10000,10000,10000,edit_distance_split
ac03735,فقط خمسه وعشرون الف ريال لا غير,25000,25000,25000,25000,25000,25000,edit_distance_split
ac03736,وقدره عشره الاف ريال فقط لا غير,10000,10000,10000,10000,10000,10000,edit_distance_split
ac03739,فقط اي ان وتسعمايه ريال لا غير,1900,1900,900,900,900,900,edit_distance_split
ac03740,ثلاثون الف ريال لا غير,30000,30000,30000,30000,30000,30000,edit_distance_split
ac03741,فقط الف ريال لا غير,20000,200000,1000,1000,1000,1000,edit_distance_split
ac03743,الف ومايه ريال لا غير,1100,1100,1100,1100,1100,1100,edit_distance_split
ac03744,فقط عشره الف ريال لا غير,100000,10000,10000,10000,10000,10000,edit_distance_split
ac03751,الف وستمايه و ثاثون ريال لا غير,1630,1630,1600,1630,1630,1630,edit_distance_split
ac03753,خمسه وعشرون الف ريال فقط,25000,25000,25000,25000,25000,25000,edit_distance_split
ac03755,الف وتمايه ريال لا غير,1900,1900,1000,1600,1600,1600,edit_distance_split
ac03756,فقط الفان وخمسون ريال لا غير,2050,2050,2050,2050,2050,2050,edit_distance_split
ac03757,اربعه الاف ومان ريال قط,4200,4200,4000,4008,4008,4000,direct
ac03758,ثلاثه عشر الف وستمايه ريال فقط,13600,13600,13600,13600,13600,13600,edit_distance_split
ac03759,ثلاثه الف وستمايه وخمسون ريال,3650,3650,3650,3650,3650,3650,edit_distance_split
ac03762,الفين واربعمايه ريال لا غير,2470,2400,2400,2400,2400,2400,edit_distance_split
ac03768,فقط ثمانمايه واربعه وعشرون ريال لا غير,824,824,824,824,824,824,edit_distance_split
ac03772,خمسمايه واحد وتسعون ريال لا غير,591,591,591,591,591,591,edit_distance_split
ac03775,تسعه الاف واربعمايه وثلاثه وخمسون ريال,9443,9453,9453,9453,9453,9453,edit_distance_split
ac03776,ستمايه وثمانون ريال لا غير,680,680,680,680,680,680,edit_distance_split
ac03778,فقط خمسه عشر الف ريال لا غير,1500,15000,15000,15000,15000,15000,edit_distance_split
ac03779,فقط اربعه الف وخمسمايه وسبعه وثلاثون ريال,45737,4537,4537,4537,4537,4537,edit_distance_split
ac03780,الفين وخمسمايه ريال لا غير,2500,2500,2500,2500,2500,2500,edit_distance_split
ac03781,عشره الاف وسبعمايه ريال لا غير,335,10700,10700,10700,10700,10700,edit_distance_split
ac03785,اربعمايه وتسعون ريال فقط لا غير,450,450,490,490,490,490,edit_distance_split
ac03787,الف وثلاثمايه وتسعون ريال لا غير,2390,2390,1390,1390,1390,1390,edit_distance_split
ac03789,ثمانه الاف ريال لا غير,8000,8000,1000,8000,8000,8000,edit_distance_split
ac03791,سته عشر الف ريال فقط,16000,16000,16000,16000,16000,16000,edit_distance_split
ac03794,عشره الاف وثلاثمايه واثنين وثمانون ريال لا غير,10382,10382,10382,10382,10382,10382,edit_distance_split
ac03795,فقط الف وخمسمايه ريال لا غير,1500,1500,1500,1500,1500,1500,edit_distance_split
ac03796,فقط ثلاثه الف ريال لا غير,3000,3000,3000,3000,3000,3000,edit_distance_split
ac03797,فقط مايه وثمانه الاف و ستمايه ريال لا غير,1018100,108600,1700,8700,8700,8700,edit_distance_split
ac03799,مايه وثمانون الف ريال لا غير,180000,180000,80100,80100,80100,80100,edit_distance_split
ac03800,الفين وتسعمايه وثمانون ريال,2980,2980,2980,2980,2980,2980,edit_distance_split
ac03802,وقدرهالف وخمسمايه ريال لا غير,1500,1500,500,500,500,500,edit_distance_split
ac03808,خمسه واربعون الف وتسعمايه وعشرن ريال,45920,45920,45900,45910,45910,45910,edit_distance_split
ac03809,فقط الفان وستاه وستون ريالا لا غير,2660,2660,2060,2066,2066,2060,direct
ac03814,ثلاثه عشره الف وثلاثمايه وخمس وستون ريال,13365,13365,13365,13365,13365,13365,edit_distance_split
ac03815,تسماليه ريال لا غير,900,900,,900,900,900,edit_distance_split
ac03816,اثنان وعشرون الف ريال لا غير,22000,22000,22000,22000,22000,22000,edit_distance_split
ac03819,فقط سعون الف ريال لا غير,700,7000,1000,60000,60000,1000,direct
ac03822,عشره الاف ومايه وعشرون ريال فقط,10120,10120,10120,10120,10120,10120,edit_distance_split
ac03823,سته الاف وثمانمايه وستون ريال,6860,6860,6860,6860,6860,6860,edit_distance_split
ac03826,فقط ثلاثه الاف وثلاثمايه ريال لا غير,3000,3300,3300,3300,3300,3300,edit_distance_split
ac03827,اثني عشر الف وثلاثمايه وثلاثه وثمانون ريال لا غير,12386,12383,12383,12383,12383,12383,edit_distance_split
ac03828,اربعه الاف ومايتان و ستون ريال لا غير,4260,4260,4260,4260,4260,4260,edit_distance_split
ac03831,اربعمايه واحد وسبعون ريال فقط,471,471,471,471,471,471,edit_distance_split
ac03836,وقدره اثنان وعشرون الف ريال لا غير,22000,22000,22000,22000,22000,22000,edit_distance_split
ac03838,فقط عشره الف ريال لا غير,100000,10000,10000,10000,10000,10000,edit_distance_split
ac03842,فقط سبعه الاف ريال لا غير,7000,7000,7000,7000,7000,7000,edit_distance_split
ac03843,ثلاثه الاف ريال لا غير,3000,3000,3000,3000,3000,3000,edit_distance_split
ac03845,ثثنه الاف ريال,3000,3000,1000,2000,2000,2000,edit_distance_split
ac03846,ثمانيه عشر الف واربعاه وثمان ريال فقط لا غير,1848,18480,18008,18012,18012,18008,direct
ac03847,فقط سته الاف وخمسمايه ريال لا غير,6500,6500,6500,6500,6500,6500,edit_distance_split
ac03849,الفين وستمايه وعشرن ريال,2610,2610,2600,2610,2610,2610,edit_distance_split
ac03855,احد وعشرن الف وماين واثن وعشر ريال فلا غير,26200,21222,1010,11020,11020,11020,edit_distance_split
ac03857,سته واربعه الف وخمسمايه وخمسون ريال لا غير,46550,46550,10550,10550,10550,10550,edit_distance_split
ac03858,فقط سبعمايه وخمسه وخمسون ريال,75,755,755,755,755,755,edit_distance_split
ac03859,اربعه الاف وخمسمايه ريال ود ل,4500,4500,4500,4500,4500,4500,edit_distance_split
ac03862,الف ريال لا غير,10,1000,1000,1000,1000,1000,edit_distance_split
ac03863,اربعون الف ريال فقط لا غير,2000,40000,40000,40000,40000,40000,edit_distance_split
ac03866,فقط خمسه الف ريال لا غير,5010,5000,5000,5000,5000,5000,edit_distance_split
ac03869,الف وخمسمايه ريال فقط لا غير,1500,1500,1500,1500,1500,1500,edit_distance_split
ac03870,فقط الف ريال لا غير,1000,1000,1000,1000,1000,1000,edit_distance_split
ac03873,فقط خمسمايه ريال لا غير,500,500,500,500,500,500,edit_distance_split
ac03874,ثلاثوه الف ومايتن ريال فقط,30200,30200,1000,3200,3200,3200,edit_distance_split
ac03875,اربعه الاف ومسمايه ريال لا غير,4500,4500,4000,4500,4500,4500,edit_distance_split
ac03877,فقط خمسه وخمسون الف وخمسايه ريال لا غير,55500,55500,55000,55500,55500,55500,edit_distance_split
ac03878,الف وستمايه واحدي عشر ريال لا غير,3911,1911,1610,1611,1611,1611,edit_distance_split
ac03880,خمسه عشر الف وخمسون ريال لا غير,15050,15050,15050,15050,15050,15050,edit_distance_split
ac03881,فقط ه الاف وتسعمايه وخمسه وسبعون ريال لا غير,6975,6975,1975,1975,1975,1975,edit_distance_split
ac03882,فقط الف وسبعمايه واحد وسبعون ريال لا غير,171,1771,1771,1771,1771,1771,edit_distance_split
ac03884,فقط مايتان الف ريال لا غير,200000,200000,200000,200000,200000,200000,edit_distance_split
ac03887,فقط ثلاثه وعشرون الف وتسعمايه وتسعه ريال لا غير,23909,23909,23909,23909,23909,23909,edit_distance_split
ac03888,الف وثلاثمايه ريال لا غير,130,1300,1300,1300,1300,1300,edit_distance_split
ac03891,فقط ثلاثه الاف ريال لا غير,3000,3000,3000,3000,3000,3000,edit_distance_split
ac03892,فقط الفان ريال لا غير,2000,2000,2000,2000,2000,2000,edit_distance_split
ac03895,ستمايه وعشرون ريال لا غير,720,720,620,620,620,620,edit_distance_split
ac03899,فقط ثلاثه الاف وتسعمايه وخمسه ثلاثو ريال لا غير,3935,3935,3905,3908,3908,3905,direct
ac03900,فقط الف وستمايه ريال لا غير,1600,1600,1600,1600,1600,1600,edit_distance_split
ac03901,فقط ثلاثون الف ريال لا غير,30000,30000,30000,30000,30000,30000,edit_distance_split
ac03903,خمسه عشره الف ريال لا غير,15000,15000,15000,15000,15000,15000,edit_distance_split
ac03905,فقط اربعه الاف وتسعمايه وعشرون ريال لا غير,4920,4920,4920,4920,4920,4920,edit_distance_split
ac03910,فقط اربعمايه وثمانون الف ريال لا غير,480000,480000,480000,480000,480000,480000,edit_distance_split
ac03911,خمسه الف ريال لا غير,15000,15000,5000,5000,5000,5000,edit_distance_split
ac03914,سته الاف واربعماه وخمسون ريال لا غير,6450,6450,6050,6450,6450,6450,edit_distance_split
ac03915,فقط سبعون الف ريال لا غير,70000,70000,70000,70000,70000,70000,edit_distance_split
ac03918,خمسه الاف ريال فقط لا غير,5000,5000,5000,5000,5000,5000,edit_distance_split
ac03921,سته الاف ريال فقط لا غير,6000,6000,6000,6000,6000,6000,edit_distance_split
ac03922,فقط خمسه الاف وخمسمايه واحد عشر ريالا لا غير,13080,5511,5511,5511,5511,5511,edit_distance_split
ac03923,سته الاف ريال لا غير,6000,6000,6000,6000,6000,6000,edit_distance_split
ac03928,خمسه الاف ريال فقط,5000,5000,5000,5000,5000,5000,edit_distance_split
ac03929,اربعه عشر الف ومايه واثن عشريل لا غير,14112,14112,14100,14122,14122,14122,edit_distance_split
ac03932,فقط الف وخمسمايه ريال لا غير,1500,1500,1500,1500,1500,1500,edit_distance_split
ac03936,خمسمايه الف ريال فقط لا غير,500000,500000,500000,500000,500000,500000,edit_distance_split
ac03937,فقط مايه وثلاثون الف ريال لا غير,13000,130000,30100,30100,30100,30100,edit_distance_split
ac03938,تسع ريال فقط لا غير,900,900,9,9,9,9,edit_distance_split
ac03939,الف وثلاثمايه ريال,1300,1300,1300,1300,1300,1300,edit_distance_split
ac03940,وقدرهثلاه الاف ريال,3000,3000,1000,1000,1000,1000,edit_distance_split
ac03941,ثلاثه الاف ريال فقط لا غير,3000,3000,3000,3000,3000,3000,edit_distance_split
ac03943,خمسون الف ريال فقط لا غير,500000,50000,50000,50000,50000,50000,edit_distance_split
ac03945,فقط الف واربعمايه واحد وستون ريال لا غير,1461,1461,1461,1461,1461,1461,edit_distance_split
ac03946,عشره الف ومايه وخمسون ريال فقط لا غير,10150,10150,10150,10150,10150,10150,edit_distance_split
ac03947,فقط ثلاثه الف وخمسمايه وخمسه وثمانون ريال لا غير,3585,3585,3585,3585,3585,3585,edit_distance_split
ac03948,الف ومايتان وثلاثه وثمانون ريالا لا غير,1283,1283,1283,1283,1283,1283,edit_distance_split
ac03952,عشره الاف ريال فقط لا غير,10000,10000,10000,10000,10000,10000,edit_distance_split
ac03955,فقط الفان وثمانمايه وخمسون ريال لا غير,2850,2850,2850,2850,2850,2850,edit_distance_split
ac03958,عشرون الف ريال فقط,10000,10000,20000,20000,20000,20000,edit_distance_split
ac03959,عشرون الف ريال لا غير,20000,20000,20000,20000,20000,20000,edit_distance_split
ac03962,فقط ثلاثه الاف وثلاثمايه وخمسون ريال,3350,3350,3350,3350,3350,3350,edit_distance_split
ac03964,فقط الفين ريال لا غير,20000,2000,2000,2000,2000,2000,edit_distance_split
ac03967,اربعه الاف وتسعمايه وستون ريال لا غير,4960,4960,4960,4960,4960,4960,edit_distance_split
ac03975,الفين ستمايه ريال لا غير,2600,2600,2600,2600,2600,2600,edit_distance_split
ac03976,الفان وثلاثه وسبعون ريال لا غير,2073,2073,2073,2073,2073,2073,edit_distance_split
ac03979,فقط خمسه عشر الف ريال لا غير,15000,15000,15000,15000,15000,15000,edit_distance_split
ac03983,فقط خمسه عشره الاف ريال لا غير,15000,15000,15000,15000,15000,15000,edit_distance_split
ac03984,مايه وعشره الاف ريال لا غير,110000,110000,10100,10100,10100,10100,edit_distance_split
ac03986,احد عشر الف ريال لا غير,11000,11000,11000,11000,11000,11000,edit_distance_split
ac03987,اربعمايه الف ريال فقط لا غير,400000,400000,400000,400000,400000,400000,edit_distance_split
ac03989,الف وخمسمايه ريال لا غير,1500,1500,1500,1500,1500,1500,edit_distance_split
ac03990,سته الاف ريال لا غير,6000,6000,6000,6000,6000,6000,edit_distance_split
ac03991,فقط سته الف ومايه واحد وخمسون ريال لا غير,9651,9651,6151,6151,6151,6151,edit_distance_split
ac03994,فقط خمسه وثلاثون الف واربعمايه ريال لا غير,35400,35400,35400,35400,35400,35400,edit_distance_split
ac03995,فقط سبعه عشر الف وخمسمايه ريال لا غير,17500,17500,17500,17500,17500,17500,edit_distance_split
ac03996,فقط عشره الاف ريال لا غير,100000,10000,10000,10000,10000,10000,edit_distance_split
ac03997,ثه الف وثلاثاه وستون ريال فقط لا غير,3360,3360,1060,1063,1063,1060,direct
ac03998,الف وسبعون ريال فقط لا غير,1070,1070,1070,1070,1070,1070,edit_distance_split
ac04000,اربعون الف رياللا غير,40000,40000,40000,40000,40000,40000,edit_distance_split
ac04002,الف وخمسمايه ريال,1500,1500,1500,1500,1500,1500,edit_distance_split
ac04004,الف وميتان وخمس وسبعون ريال فقط,1275,1275,1275,1275,1275,1275,edit_distance_split
ac04005,قطه الفان ومايه ريال لا غير,2100,2100,2100,2100,2100,2100,edit_distance_split
ac04007,فقط الف ان ريال لا غير,7050,2000,1000,1000,1000,1000,edit_distance_split
ac04008,فقط خمسه الف ريال لا غير,10000,10000,5000,5000,5000,5000,edit_distance_split
ac04010,فقط سبعمايه وعشرون ريال,720,720,720,720,720,720,edit_distance_split
ac04012,الفين ن ريال لا غير,2000,2000,2000,2000,2000,2000,edit_distance_split
ac04015,سته وعشرون الف وثلاثمايه وسته ريال لا غير,26366,26306,26306,26306,26306,26306,edit_distance_split
ac04017,شره الاف وثلاثمايه وسبعه وثلاثون ريال لا غير,1373,10337,1337,10337,10337,1337,direct
ac04020,اربعه الاف وتسعمايه ريال لا غير,4900,4900,4900,4900,4900,4900,edit_distance_split
ac04021,فقط اربعه الاف ريال لا غير,4000,4000,4000,4000,4000,4000,edit_distance_split
ac04022,اربعه الاف ريال لا غير,4000,4000,4000,4000,4000,4000,edit_distance_split
ac04023,خمسه الاف يا,2500,5000,5000,5000,5000,5000,edit_distance_split
ac04024,فقطيه و ا يا ل لا غير,232200,40300,,,,,unresolved
ac04027,فقط الف وستمايه وسبعون ريال لا غير,1670,1670,1670,1670,1670,1670,edit_distance_split
ac04031,خمس مايه ريال فقط,5000,500,500,500,500,500,edit_distance_split
ac04033,سته الف وخمسمايه ريال فقط لا غير,6500,6500,6500,6500,6500,6500,edit_distance_split
ac04035,فقط اربعه الاف ريال,4000,4000,4000,4000,4000,4000,edit_distance_split
ac04036,خمسه عشر الف ريال فقط,15000,15000,15000,15000,15000,15000,edit_distance_split
ac04039,الفين وستمايه وخمسون ريال لا غير,2650,2650,2650,2650,2650,2650,edit_distance_split
ac04041,مايت وخمسه وسبعون الف ريال لا غير,17500,175000,75000,75100,75100,75100,edit_distance_split
ac04043,فقط اربعه الف وخمسمايه ريال لا غير,450000,450000,4500,4500,4500,4500,edit_distance_split
ac04045,فقط تسعمايه ريال,90,900,900,900,900,900,edit_distance_split
ac04047,الف يريال,2000,2000,1000,1000,1000,1000,edit_distance_split
ac04048,وقاحد الف وثمانمايه وثمانيه وعشرون ريال لا غير,1828,1828,1828,1828,1828,1828,edit_distance_split
ac04049,سبعه الاف ريال لا غير,7000,7000,7000,7000,7000,7000,edit_distance_split
ac04052,سته الاف ريال,6000,6000,6000,6000,6000,6000,edit_distance_split
ac04055,الف وثمانمايه واثنان وثمانون ريال,1882,1882,1882,1882,1882,1882,edit_distance_split
ac04056,ثلاثه الاف ومايه وثمانون ريال لا غير,3180,3180,3180,3180,3180,3180,edit_distance_split
ac04057,فقط خمسه الاف ريال لا غير,5000,5000,5000,5000,5000,5000,edit_distance_split
ac04058,سبعه وتسعون الف ريال,9700,97000,97000,97000,97000,97000,edit_distance_split
ac04059,سبعه عشر الف وسمايه وسعه وسبعون ريال فقط,17679,17679,17070,17179,17179,17179,edit_distance_split
ac04061,وقدره خمسه الاف و سمايه واثنان وثمان ريال لا غير,5682,5682,5010,5110,5110,5110,edit_distance_split
ac04065,وقدرهثلاثه الاف ريال لا غير,3000,3000,1000,1000,1000,1000,edit_distance_split
ac04066,عشرون الف ريال,20000,20000,20000,20000,20000,20000,edit_distance_split
ac04067,سبعه الف وثلاثمايه وخمسون ريال فقط,7350,7350,7350,7350,7350,7350,edit_distance_split
ac04068,فقط الف ومايه وتسعون ريال,190,1190,1190,1190,1190,1190,edit_distance_split
ac04069,الف وثمانمايه وخمسه وخمسون ريال,1855,1855,1855,1855,1855,1855,edit_distance_split
ac04072,فقط خمسوان ريال لا غير,50000,50000,,50,50,50,edit_distance_split
ac04073,اربعه الاف وستمايه وثمانون ريال لا غير,4680,4680,4680,4680,4680,4680,edit_distance_split
ac04075,ثلاثون الاف و خمسمايه واربعه واربعون ريال,3054,30544,30544,30544,30544,30544,edit_distance_split
ac04077,الفين وتسعمايه وتسعوون ريال فقط,2979,2979,2900,2990,2990,2990,edit_distance_split
ac04082,فقط اربعمايه وخمسون ريال,4500,45000,450,450,450,450,edit_distance_split
ac04084,ين ريال لا غير,900,900,,,,,unresolved
ac04087,فقط الفانن ريال,2000,2000,,2000,2000,2000,edit_distance_split
ac04088,خمسمايه وخمسه وخمسون ريال فقط,552,555,555,555,555,555,edit_distance_split
ac04089,شاون الف ريال فقط,20000,20000,1000,60000,60000,60000,edit_distance_split
ac04095,ثمانيه عشره الف ريال لا غير,18000,18000,18000,18000,18000,18000,edit_distance_split
ac04100,فقط الف ريال لا غير,1000,1000,1000,1000,1000,1000,edit_distance_split
ac04101,خمسرون الف ريال لا غير,8000,80000,1000,50000,50000,1000,direct
ac04106,فقط خمسه عشر الف ريال لا غير,15000,15000,15000,15000,15000,15000,edit_distance_split
ac04108,الف وخمسمايه ريال فقط لا غير,2500,2500,1500,1500,1500,1500,edit_distance_split
ac04109,الفان وخمسمايه واحد عه شر ريال لا غير,2511,2511,2501,2511,2511,2511,edit_distance_split
ac04110,مايتان واتسعه ريال لا غير,209,209,200,209,209,209,edit_distance_split
ac04113,مايه الف وثمان ومايه واربع وثمانون ريال لا غير,10084,100884,1984,1984,1984,1984,edit_distance_split
ac04115,عروه الاف ريال,10000,10000,1000,10000,10000,10000,edit_distance_split
ac04116,فقط سبعه وستون الف وسبعماه وثمانه وعشرون ريال لا غير,6728,67728,67020,67728,67728,67728,edit_distance_split
ac04121,الف وستمايه ريال لا غير,1600,1600,1600,1600,1600,1600,edit_distance_split
ac04122,الف ريال فقط لا غير,1000,1000,1000,1000,1000,1000,edit_distance_split
ac04126,ثلاثه الاف وستمايه ريال فقط لا غير,3600,3600,3600,3600,3600,3600,edit_distance_split
ac04127,ثلاثه لاف ريال لا غير,3000,3000,3000,3000,3000,3000,edit_distance_split
ac04132,الفان واربعمايه وخمسه وتسعون ريال,2495,2495,2495,2495,2495,2495,edit_distance_split
ac04134,عشره الاف ريال لا غير,10000,10000,10000,10000,10000,10000,edit_distance_split
ac04139,فقط اثي عشر الف ريال لا غير,12000,12000,10000,12000,12000,12000,edit_distance_split
ac04140,فقط خمسه وثلاثون الف ريال لا غير,35000,35000,35000,35000,35000,35000,edit_distance_split
ac04143,واحد وخمسون الف ومايتان وخمسون ريال,51250,51250,51250,51250,51250,51250,edit_distance_split
ac04145,ثلاثمايه وثمانيه وثلاثون ريال سعو,338,338,338,338,338,338,edit_distance_split
ac04148,عشره الاف ريال فقط لا غير,10000,10000,10000,10000,10000,10000,edit_distance_split
ac04149,فقط مايه الف ريال لا غير,100000,100000,1100,1100,1100,1100,edit_distance_split
ac04152,خمسون الف ريال لا غير,5000,50000,50000,50000,50000,50000,edit_distance_split
ac04153,فقط ثمانيه الاف ريال لا غير,8000,8000,8000,8000,8000,8000,edit_distance_split
ac04154,اربعه الاف ريال فقط,400,4000,4000,4000,4000,4000,edit_distance_split
ac04157,فقط الفان وميتان واثنين وثلاثون ريال لا غير,2232,2232,2232,2232,2232,2232,edit_distance_split
ac04159,الفان وثمانمايه وثمانون,2880,2880,2880,2880,2880,2880,edit_distance_split
ac04162,ثلاثون الف ريال لا غير,30000,30000,30000,30000,30000,30000,edit_distance_split
ac04163,فقط تسعمايه و تسعون لا غير,990,990,990,990,990,990,edit_distance_split
ac04164,اربعه الاف واربعمايه واربعون رياللا,4440,4440,4440,4440,4440,4440,edit_distance_split
ac04165,اثنا عشر الف وستمايه واثنان واربعون ريال,12642,12642,12642,12642,12642,12642,edit_distance_split
ac04166,وقدره ثلاثون الف ريال,30000,30000,30000,30000,30000,30000,edit_distance_split
ac04167,فقط الف وستاه وثمايه وعشر ريال لا غير,3618,1618,1010,1610,1610,1610,edit_distance_split
ac04171,فقط الفين واربعمايه اربعه وعشرون ريال لا غير,2424,2424,2424,2424,2424,2424,edit_distance_split
ac04177,تسعمايه وسبعه واربعون ريال لا غير,947,947,947,947,947,947,edit_distance_split
ac04178,ثلاثه الاف وثمانمايه ريال فقط ا غير,3800,3800,3800,3800,3800,3800,edit_distance_split
ac04179,فقط ثمانيه عشر الف ومايه ريال لا غير,18100,18100,18100,18100,18100,18100,edit_distance_split
ac04180,خمسه الاف وسبعمايه ريال فقط,5700,5700,5700,5700,5700,5700,edit_distance_split
ac04181,فقط ستمايه واثنان وسبعون ريال لا غير,672,672,672,672,672,672,edit_distance_split
ac04183,فقط الفان و ميتان و اربعه وعشرون ريال لا غير,2224,2224,2224,2224,2224,2224,edit_distance_split
ac04184,خمسه عشر الف ريال فقط لا غير,15000,15000,15000,15000,15000,15000,edit_distance_split
ac04185,عشره الاف ريال فقط لا غير,1000,10000,10000,10000,10000,10000,edit_distance_split
ac04186,مانيه وتسع وسون ريال لا غير,165,165,9,169,169,169,edit_distance_split
ac04188,سه الاف وثلاثا وثلاثه وستون ريال,5363,5363,1063,1066,1066,1063,direct
ac04195,سبعمايه واربعين ريال لا غير,740,740,740,740,740,740,edit_distance_split
ac04198,فقط سته الاف وسبعمايه وسته وعشرون ريال لا غير,6726,6726,6726,6726,6726,6726,edit_distance_split
ac04200,فقط سته الاف واربعه ريالا لا غير,6004,6004,6004,6004,6004,6004,edit_distance_split
ac04202,وقدر تلسفن ريال لا غير,2000,2000,,,,,unresolved
ac04203,ثلاثمايه وستون ريالا فقط,360,360,360,360,360,360,edit_distance_split
ac04206,الف وتسعمايه وعشرون ريال لا غير,1920,1920,1920,1920,1920,1920,edit_distance_split
ac04207,فقط اربعه الاف وتسعمايه ريال لا غير,4900,4900,4900,4900,4900,4900,edit_distance_split
ac04209,وقدرهثمانه الاف ريال لا غير,8000,8000,1000,1000,1000,1000,edit_distance_split
