check_id,crop_path,label
ac01076,outputs\part_b\crops\train\ac01076.png,2500
ac00499,outputs\part_b\crops\train\ac00499.png,5467823
ac00933,outputs\part_b\crops\train\ac00933.png,35185
ac01582,outputs\part_b\crops\train\ac01582.png,1436
ac01718,outputs\part_b\crops\train\ac01718.png,10000
ac01342,outputs\part_b\crops\train\ac01342.png,2370
ac00246,outputs\part_b\crops\train\ac00246.png,67525
ac00485,outputs\part_b\crops\train\ac00485.png,24000
ac00059,outputs\part_b\crops\train\ac00059.png,2500
ac00272,outputs\part_b\crops\train\ac00272.png,6558
ac00218,outputs\part_b\crops\train\ac00218.png,550
ac01036,outputs\part_b\crops\train\ac01036.png,14400
ac01703,outputs\part_b\crops\train\ac01703.png,12350
ac01021,outputs\part_b\crops\train\ac01021.png,2625
ac00393,outputs\part_b\crops\train\ac00393.png,4350
ac01037,outputs\part_b\crops\train\ac01037.png,2520
ac01322,outputs\part_b\crops\train\ac01322.png,835
ac01666,outputs\part_b\crops\train\ac01666.png,229
ac00882,outputs\part_b\crops\train\ac00882.png,37000
ac01778,outputs\part_b\crops\train\ac01778.png,1700000
ac00647,outputs\part_b\crops\train\ac00647.png,645
ac00068,outputs\part_b\crops\train\ac00068.png,1800
ac01774,outputs\part_b\crops\train\ac01774.png,2690
ac01482,outputs\part_b\crops\train\ac01482.png,6140
ac01284,outputs\part_b\crops\train\ac01284.png,16080
ac00091,outputs\part_b\crops\train\ac00091.png,10000
ac00130,outputs\part_b\crops\train\ac00130.png,2800
ac00640,outputs\part_b\crops\train\ac00640.png,1080
ac00916,outputs\part_b\crops\train\ac00916.png,2448
ac00075,outputs\part_b\crops\train\ac00075.png,5576
ac01689,outputs\part_b\crops\train\ac01689.png,2070
ac00737,outputs\part_b\crops\train\ac00737.png,1000
ac01773,outputs\part_b\crops\train\ac01773.png,100000
ac01630,outputs\part_b\crops\train\ac01630.png,27637
ac00530,outputs\part_b\crops\train\ac00530.png,40000
ac01038,outputs\part_b\crops\train\ac01038.png,1242
ac01587,outputs\part_b\crops\train\ac01587.png,2431
ac00752,outputs\part_b\crops\train\ac00752.png,5850
ac01092,outputs\part_b\crops\train\ac01092.png,448917
ac00943,outputs\part_b\crops\train\ac00943.png,1835
ac01027,outputs\part_b\crops\train\ac01027.png,43475
ac00035,outputs\part_b\crops\train\ac00035.png,28000
ac01226,outputs\part_b\crops\train\ac01226.png,13068
ac00968,outputs\part_b\crops\train\ac00968.png,200000
ac01085,outputs\part_b\crops\train\ac01085.png,80710
ac01538,outputs\part_b\crops\train\ac01538.png,2000
ac01422,outputs\part_b\crops\train\ac01422.png,1740
ac01780,outputs\part_b\crops\train\ac01780.png,6800
ac00410,outputs\part_b\crops\train\ac00410.png,577
ac01051,outputs\part_b\crops\train\ac01051.png,1420
ac01124,outputs\part_b\crops\train\ac01124.png,4000
ac00674,outputs\part_b\crops\train\ac00674.png,250
ac01651,outputs\part_b\crops\train\ac01651.png,2032350
ac00758,outputs\part_b\crops\train\ac00758.png,4552
ac00110,outputs\part_b\crops\train\ac00110.png,6075
ac00642,outputs\part_b\crops\train\ac00642.png,7735
ac00782,outputs\part_b\crops\train\ac00782.png,5500
ac01542,outputs\part_b\crops\train\ac01542.png,28000
ac00063,outputs\part_b\crops\train\ac00063.png,389860
ac00099,outputs\part_b\crops\train\ac00099.png,216
ac01054,outputs\part_b\crops\train\ac01054.png,2730
ac00569,outputs\part_b\crops\train\ac00569.png,1126
ac00031,outputs\part_b\crops\train\ac00031.png,830
ac00930,outputs\part_b\crops\train\ac00930.png,796
ac01301,outputs\part_b\crops\train\ac01301.png,17095
ac00798,outputs\part_b\crops\train\ac00798.png,688585
ac01526,outputs\part_b\crops\train\ac01526.png,6632
ac00359,outputs\part_b\crops\train\ac00359.png,3500
ac00880,outputs\part_b\crops\train\ac00880.png,26014
ac00952,outputs\part_b\crops\train\ac00952.png,580000
ac01214,outputs\part_b\crops\train\ac01214.png,21360
ac01685,outputs\part_b\crops\train\ac01685.png,160000
ac00230,outputs\part_b\crops\train\ac00230.png,15500
ac00113,outputs\part_b\crops\train\ac00113.png,600
ac01090,outputs\part_b\crops\train\ac01090.png,9408
ac01170,outputs\part_b\crops\train\ac01170.png,4500
ac01417,outputs\part_b\crops\train\ac01417.png,1715
ac01256,outputs\part_b\crops\train\ac01256.png,6792
ac00723,outputs\part_b\crops\train\ac00723.png,13144
ac00320,outputs\part_b\crops\train\ac00320.png,1500000
ac00599,outputs\part_b\crops\train\ac00599.png,20694
ac01658,outputs\part_b\crops\train\ac01658.png,5580
ac00951,outputs\part_b\crops\train\ac00951.png,27265
ac01072,outputs\part_b\crops\train\ac01072.png,757580
ac01462,outputs\part_b\crops\train\ac01462.png,302807
ac01305,outputs\part_b\crops\train\ac01305.png,83318
ac01108,outputs\part_b\crops\train\ac01108.png,7275
ac00493,outputs\part_b\crops\train\ac00493.png,18850
ac00604,outputs\part_b\crops\train\ac00604.png,18660
ac00217,outputs\part_b\crops\train\ac00217.png,48000
ac00279,outputs\part_b\crops\train\ac00279.png,2000000
ac00761,outputs\part_b\crops\train\ac00761.png,17630
ac01770,outputs\part_b\crops\train\ac01770.png,660
ac01074,outputs\part_b\crops\train\ac01074.png,1772
ac01750,outputs\part_b\crops\train\ac01750.png,8825
ac00945,outputs\part_b\crops\train\ac00945.png,6375
ac00934,outputs\part_b\crops\train\ac00934.png,6248
ac00070,outputs\part_b\crops\train\ac00070.png,3490
ac00777,outputs\part_b\crops\train\ac00777.png,73050
ac01014,outputs\part_b\crops\train\ac01014.png,1295
ac00701,outputs\part_b\crops\train\ac00701.png,2400
ac00050,outputs\part_b\crops\train\ac00050.png,200000
ac00853,outputs\part_b\crops\train\ac00853.png,17250
ac00255,outputs\part_b\crops\train\ac00255.png,3907
ac01008,outputs\part_b\crops\train\ac01008.png,3000
ac01343,outputs\part_b\crops\train\ac01343.png,1640
ac01638,outputs\part_b\crops\train\ac01638.png,472
ac00682,outputs\part_b\crops\train\ac00682.png,1116
ac01387,outputs\part_b\crops\train\ac01387.png,40000
ac01762,outputs\part_b\crops\train\ac01762.png,18650
ac00606,outputs\part_b\crops\train\ac00606.png,471625
ac01561,outputs\part_b\crops\train\ac01561.png,2588
ac00366,outputs\part_b\crops\train\ac00366.png,1382
ac00997,outputs\part_b\crops\train\ac00997.png,17000
ac00596,outputs\part_b\crops\train\ac00596.png,41650
ac01438,outputs\part_b\crops\train\ac01438.png,5000
ac00892,outputs\part_b\crops\train\ac00892.png,2000
ac00032,outputs\part_b\crops\train\ac00032.png,1740
ac00741,outputs\part_b\crops\train\ac00741.png,113400
ac00115,outputs\part_b\crops\train\ac00115.png,4345
ac00865,outputs\part_b\crops\train\ac00865.png,3400
ac01540,outputs\part_b\crops\train\ac01540.png,15000
ac01095,outputs\part_b\crops\train\ac01095.png,4260
ac01495,outputs\part_b\crops\train\ac01495.png,7000
ac00490,outputs\part_b\crops\train\ac00490.png,300
ac01475,outputs\part_b\crops\train\ac01475.png,1980
ac01459,outputs\part_b\crops\train\ac01459.png,13000
ac00911,outputs\part_b\crops\train\ac00911.png,21474
ac00244,outputs\part_b\crops\train\ac00244.png,500
ac01455,outputs\part_b\crops\train\ac01455.png,20062818
ac00351,outputs\part_b\crops\train\ac00351.png,6456
ac01629,outputs\part_b\crops\train\ac01629.png,4720
ac00192,outputs\part_b\crops\train\ac00192.png,1300
ac00762,outputs\part_b\crops\train\ac00762.png,17630
ac01308,outputs\part_b\crops\train\ac01308.png,1000
ac00781,outputs\part_b\crops\train\ac00781.png,860
ac01186,outputs\part_b\crops\train\ac01186.png,300000
ac00920,outputs\part_b\crops\train\ac00920.png,708
ac00541,outputs\part_b\crops\train\ac00541.png,47250
ac01552,outputs\part_b\crops\train\ac01552.png,15000
ac00602,outputs\part_b\crops\train\ac00602.png,134185
ac01023,outputs\part_b\crops\train\ac01023.png,10000
ac00904,outputs\part_b\crops\train\ac00904.png,442820
ac01521,outputs\part_b\crops\train\ac01521.png,1361
ac01087,outputs\part_b\crops\train\ac01087.png,3000
ac00277,outputs\part_b\crops\train\ac00277.png,5000
ac00738,outputs\part_b\crops\train\ac00738.png,9620
ac01680,outputs\part_b\crops\train\ac01680.png,300
ac00822,outputs\part_b\crops\train\ac00822.png,3110
ac00412,outputs\part_b\crops\train\ac00412.png,11520
ac00923,outputs\part_b\crops\train\ac00923.png,3500
ac00533,outputs\part_b\crops\train\ac00533.png,1190
ac01064,outputs\part_b\crops\train\ac01064.png,74081
ac01464,outputs\part_b\crops\train\ac01464.png,16617
ac00146,outputs\part_b\crops\train\ac00146.png,18507
ac00078,outputs\part_b\crops\train\ac00078.png,3542
ac00803,outputs\part_b\crops\train\ac00803.png,14000
ac01219,outputs\part_b\crops\train\ac01219.png,5000
ac00629,outputs\part_b\crops\train\ac00629.png,8050
ac01560,outputs\part_b\crops\train\ac01560.png,800
ac01591,outputs\part_b\crops\train\ac01591.png,668054
ac00266,outputs\part_b\crops\train\ac00266.png,4125
ac00170,outputs\part_b\crops\train\ac00170.png,41611
ac01670,outputs\part_b\crops\train\ac01670.png,31600
ac00521,outputs\part_b\crops\train\ac00521.png,4250
ac00382,outputs\part_b\crops\train\ac00382.png,6240
ac01686,outputs\part_b\crops\train\ac01686.png,296615
ac00207,outputs\part_b\crops\train\ac00207.png,1911
ac01181,outputs\part_b\crops\train\ac01181.png,5000
ac00757,outputs\part_b\crops\train\ac00757.png,760025
ac01705,outputs\part_b\crops\train\ac01705.png,5600
ac01041,outputs\part_b\crops\train\ac01041.png,370327
ac01457,outputs\part_b\crops\train\ac01457.png,12500
ac00720,outputs\part_b\crops\train\ac00720.png,13600
ac00381,outputs\part_b\crops\train\ac00381.png,12880
ac00034,outputs\part_b\crops\train\ac00034.png,3622
ac00906,outputs\part_b\crops\train\ac00906.png,385875
ac01611,outputs\part_b\crops\train\ac01611.png,13885
ac01306,outputs\part_b\crops\train\ac01306.png,1746
ac00101,outputs\part_b\crops\train\ac00101.png,1955
ac01089,outputs\part_b\crops\train\ac01089.png,750
ac00689,outputs\part_b\crops\train\ac00689.png,2000
ac00196,outputs\part_b\crops\train\ac00196.png,9406
ac01654,outputs\part_b\crops\train\ac01654.png,3720
ac01512,outputs\part_b\crops\train\ac01512.png,630
ac00238,outputs\part_b\crops\train\ac00238.png,1590
ac00297,outputs\part_b\crops\train\ac00297.png,3000
ac01424,outputs\part_b\crops\train\ac01424.png,428750
ac01211,outputs\part_b\crops\train\ac01211.png,40000
ac00008,outputs\part_b\crops\train\ac00008.png,1250
ac00284,outputs\part_b\crops\train\ac00284.png,28000
ac00413,outputs\part_b\crops\train\ac00413.png,3491
ac00022,outputs\part_b\crops\train\ac00022.png,600250
ac00823,outputs\part_b\crops\train\ac00823.png,2000
ac01230,outputs\part_b\crops\train\ac01230.png,41018
ac00975,outputs\part_b\crops\train\ac00975.png,320000
ac01254,outputs\part_b\crops\train\ac01254.png,16090
ac00245,outputs\part_b\crops\train\ac00245.png,300000
ac00111,outputs\part_b\crops\train\ac00111.png,114061
ac00693,outputs\part_b\crops\train\ac00693.png,5407363
ac01738,outputs\part_b\crops\train\ac01738.png,100000
ac00205,outputs\part_b\crops\train\ac00205.png,57506
ac01173,outputs\part_b\crops\train\ac01173.png,84800
ac01594,outputs\part_b\crops\train\ac01594.png,23588
ac01567,outputs\part_b\crops\train\ac01567.png,100000
ac00442,outputs\part_b\crops\train\ac00442.png,400000
ac00673,outputs\part_b\crops\train\ac00673.png,10000
ac00666,outputs\part_b\crops\train\ac00666.png,2000
ac00725,outputs\part_b\crops\train\ac00725.png,7542114
ac00894,outputs\part_b\crops\train\ac00894.png,3000
ac01589,outputs\part_b\crops\train\ac01589.png,2546
ac00567,outputs\part_b\crops\train\ac00567.png,2500
ac00809,outputs\part_b\crops\train\ac00809.png,220
ac01729,outputs\part_b\crops\train\ac01729.png,10000
ac00009,outputs\part_b\crops\train\ac00009.png,8000
ac01158,outputs\part_b\crops\train\ac01158.png,9200
ac00478,outputs\part_b\crops\train\ac00478.png,674
ac01244,outputs\part_b\crops\train\ac01244.png,500000
ac01502,outputs\part_b\crops\train\ac01502.png,5100
ac00837,outputs\part_b\crops\train\ac00837.png,3111
ac01712,outputs\part_b\crops\train\ac01712.png,53250
ac01500,outputs\part_b\crops\train\ac01500.png,1600
ac00992,outputs\part_b\crops\train\ac00992.png,4000
ac00399,outputs\part_b\crops\train\ac00399.png,1006
ac00081,outputs\part_b\crops\train\ac00081.png,81538
ac00808,outputs\part_b\crops\train\ac00808.png,2634
ac00176,outputs\part_b\crops\train\ac00176.png,4750
ac00186,outputs\part_b\crops\train\ac00186.png,2451
ac00587,outputs\part_b\crops\train\ac00587.png,1500
ac01609,outputs\part_b\crops\train\ac01609.png,3548
ac00971,outputs\part_b\crops\train\ac00971.png,168556
ac00253,outputs\part_b\crops\train\ac00253.png,1240
ac01715,outputs\part_b\crops\train\ac01715.png,8250
ac00449,outputs\part_b\crops\train\ac00449.png,1000000
ac00391,outputs\part_b\crops\train\ac00391.png,17860
ac01313,outputs\part_b\crops\train\ac01313.png,30000
ac00304,outputs\part_b\crops\train\ac00304.png,2700
ac00058,outputs\part_b\crops\train\ac00058.png,4897
ac01019,outputs\part_b\crops\train\ac01019.png,425
ac00047,outputs\part_b\crops\train\ac00047.png,9120
ac00991,outputs\part_b\crops\train\ac00991.png,17967
ac00310,outputs\part_b\crops\train\ac00310.png,300000
ac00172,outputs\part_b\crops\train\ac00172.png,36671
ac00462,outputs\part_b\crops\train\ac00462.png,616
ac01330,outputs\part_b\crops\train\ac01330.png,740
ac00102,outputs\part_b\crops\train\ac00102.png,1222
ac00452,outputs\part_b\crops\train\ac00452.png,180914
ac00094,outputs\part_b\crops\train\ac00094.png,175145
ac01557,outputs\part_b\crops\train\ac01557.png,50000
ac01270,outputs\part_b\crops\train\ac01270.png,5000
ac00243,outputs\part_b\crops\train\ac00243.png,2150
ac00071,outputs\part_b\crops\train\ac00071.png,4957
ac00036,outputs\part_b\crops\train\ac00036.png,14600
ac00562,outputs\part_b\crops\train\ac00562.png,39600
ac01017,outputs\part_b\crops\train\ac01017.png,3930
ac00329,outputs\part_b\crops\train\ac00329.png,7031
ac01602,outputs\part_b\crops\train\ac01602.png,110000
ac01496,outputs\part_b\crops\train\ac01496.png,10000
ac00342,outputs\part_b\crops\train\ac00342.png,107800
ac00793,outputs\part_b\crops\train\ac00793.png,4000
ac01213,outputs\part_b\crops\train\ac01213.png,5071
ac00352,outputs\part_b\crops\train\ac00352.png,3381
ac01395,outputs\part_b\crops\train\ac01395.png,500
ac01165,outputs\part_b\crops\train\ac01165.png,42355
ac00847,outputs\part_b\crops\train\ac00847.png,49482
ac01402,outputs\part_b\crops\train\ac01402.png,1000
ac00427,outputs\part_b\crops\train\ac00427.png,10000
ac00149,outputs\part_b\crops\train\ac00149.png,6800
ac00015,outputs\part_b\crops\train\ac00015.png,1001
ac00690,outputs\part_b\crops\train\ac00690.png,3000
ac01668,outputs\part_b\crops\train\ac01668.png,25000
ac01356,outputs\part_b\crops\train\ac01356.png,8725
ac00458,outputs\part_b\crops\train\ac00458.png,900
ac01725,outputs\part_b\crops\train\ac01725.png,25139
ac00345,outputs\part_b\crops\train\ac00345.png,8500
ac00612,outputs\part_b\crops\train\ac00612.png,5913
ac01517,outputs\part_b\crops\train\ac01517.png,4570
ac00918,outputs\part_b\crops\train\ac00918.png,150000
ac00957,outputs\part_b\crops\train\ac00957.png,3000
ac01732,outputs\part_b\crops\train\ac01732.png,30989
ac00889,outputs\part_b\crops\train\ac00889.png,3000000
ac01295,outputs\part_b\crops\train\ac01295.png,2014
ac00398,outputs\part_b\crops\train\ac00398.png,1391
ac00973,outputs\part_b\crops\train\ac00973.png,50000
ac01175,outputs\part_b\crops\train\ac01175.png,3120
ac00044,outputs\part_b\crops\train\ac00044.png,38500
ac00428,outputs\part_b\crops\train\ac00428.png,1000
ac01473,outputs\part_b\crops\train\ac01473.png,4737
ac00976,outputs\part_b\crops\train\ac00976.png,79639
ac01163,outputs\part_b\crops\train\ac01163.png,480
ac00247,outputs\part_b\crops\train\ac00247.png,36000
ac01519,outputs\part_b\crops\train\ac01519.png,1650
ac00334,outputs\part_b\crops\train\ac00334.png,24847
ac01742,outputs\part_b\crops\train\ac01742.png,1000000
ac00394,outputs\part_b\crops\train\ac00394.png,2300
ac01161,outputs\part_b\crops\train\ac01161.png,1188
ac00707,outputs\part_b\crops\train\ac00707.png,20000
ac01478,outputs\part_b\crops\train\ac01478.png,25000
ac00361,outputs\part_b\crops\train\ac00361.png,111554
ac01408,outputs\part_b\crops\train\ac01408.png,22327
ac00559,outputs\part_b\crops\train\ac00559.png,1161
ac01804,outputs\part_b\crops\train\ac01804.png,70628
ac00816,outputs\part_b\crops\train\ac00816.png,12550
ac01209,outputs\part_b\crops\train\ac01209.png,2380
ac00601,outputs\part_b\crops\train\ac00601.png,9000
ac00780,outputs\part_b\crops\train\ac00780.png,7687
ac01340,outputs\part_b\crops\train\ac01340.png,6950
ac01434,outputs\part_b\crops\train\ac01434.png,3000
ac00845,outputs\part_b\crops\train\ac00845.png,1558
ac00919,outputs\part_b\crops\train\ac00919.png,15126
ac00527,outputs\part_b\crops\train\ac00527.png,150000
ac01388,outputs\part_b\crops\train\ac01388.png,500
ac00432,outputs\part_b\crops\train\ac00432.png,22000
ac01543,outputs\part_b\crops\train\ac01543.png,3998
ac00072,outputs\part_b\crops\train\ac00072.png,776750
ac01463,outputs\part_b\crops\train\ac01463.png,1200000
ac00528,outputs\part_b\crops\train\ac00528.png,50000
ac01379,outputs\part_b\crops\train\ac01379.png,3465
ac01000,outputs\part_b\crops\train\ac01000.png,2437
ac01788,outputs\part_b\crops\train\ac01788.png,35868
ac01406,outputs\part_b\crops\train\ac01406.png,500
ac00709,outputs\part_b\crops\train\ac00709.png,70200
ac00475,outputs\part_b\crops\train\ac00475.png,2800
ac01080,outputs\part_b\crops\train\ac01080.png,25725
ac00491,outputs\part_b\crops\train\ac00491.png,1500
ac00502,outputs\part_b\crops\train\ac00502.png,37000
ac00433,outputs\part_b\crops\train\ac00433.png,5000
ac00282,outputs\part_b\crops\train\ac00282.png,5145
ac01265,outputs\part_b\crops\train\ac01265.png,560000
ac01600,outputs\part_b\crops\train\ac01600.png,341000
ac00833,outputs\part_b\crops\train\ac00833.png,910
ac00159,outputs\part_b\crops\train\ac00159.png,3000
ac00876,outputs\part_b\crops\train\ac00876.png,2942
ac01472,outputs\part_b\crops\train\ac01472.png,1191
ac00480,outputs\part_b\crops\train\ac00480.png,540
ac01179,outputs\part_b\crops\train\ac01179.png,1111
ac01280,outputs\part_b\crops\train\ac01280.png,3216
ac00983,outputs\part_b\crops\train\ac00983.png,500
ac00425,outputs\part_b\crops\train\ac00425.png,30000
ac00848,outputs\part_b\crops\train\ac00848.png,4000
ac00928,outputs\part_b\crops\train\ac00928.png,1905
ac00572,outputs\part_b\crops\train\ac00572.png,30000
ac01371,outputs\part_b\crops\train\ac01371.png,23750
ac00164,outputs\part_b\crops\train\ac00164.png,3420
ac00850,outputs\part_b\crops\train\ac00850.png,1866
ac00631,outputs\part_b\crops\train\ac00631.png,15000
ac00653,outputs\part_b\crops\train\ac00653.png,428750
ac01201,outputs\part_b\crops\train\ac01201.png,20000
ac01452,outputs\part_b\crops\train\ac01452.png,471625
ac00504,outputs\part_b\crops\train\ac00504.png,21965
ac01202,outputs\part_b\crops\train\ac01202.png,13500
ac00298,outputs\part_b\crops\train\ac00298.png,3000
ac00136,outputs\part_b\crops\train\ac00136.png,2153
ac01166,outputs\part_b\crops\train\ac01166.png,516
ac01185,outputs\part_b\crops\train\ac01185.png,3422
ac01061,outputs\part_b\crops\train\ac01061.png,900
ac00903,outputs\part_b\crops\train\ac00903.png,151531
ac00770,outputs\part_b\crops\train\ac00770.png,4280
ac01563,outputs\part_b\crops\train\ac01563.png,9855
ac01188,outputs\part_b\crops\train\ac01188.png,300000
ac01192,outputs\part_b\crops\train\ac01192.png,6160
ac00378,outputs\part_b\crops\train\ac00378.png,5574
ac01590,outputs\part_b\crops\train\ac01590.png,222513
ac00194,outputs\part_b\crops\train\ac00194.png,1200
ac00922,outputs\part_b\crops\train\ac00922.png,25000
ac01335,outputs\part_b\crops\train\ac01335.png,36660
ac01154,outputs\part_b\crops\train\ac01154.png,9750
ac00563,outputs\part_b\crops\train\ac00563.png,3900
ac00681,outputs\part_b\crops\train\ac00681.png,2500
ac01694,outputs\part_b\crops\train\ac01694.png,1440
ac00534,outputs\part_b\crops\train\ac00534.png,6000
ac00421,outputs\part_b\crops\train\ac00421.png,1750
ac01592,outputs\part_b\crops\train\ac01592.png,1100
ac00336,outputs\part_b\crops\train\ac00336.png,87360
ac00902,outputs\part_b\crops\train\ac00902.png,2644
ac01444,outputs\part_b\crops\train\ac01444.png,2000
ac01264,outputs\part_b\crops\train\ac01264.png,7050
ac00473,outputs\part_b\crops\train\ac00473.png,19349
ac00037,outputs\part_b\crops\train\ac00037.png,109000
ac01642,outputs\part_b\crops\train\ac01642.png,1400
ac00896,outputs\part_b\crops\train\ac00896.png,10000
ac01285,outputs\part_b\crops\train\ac01285.png,160415
ac01432,outputs\part_b\crops\train\ac01432.png,1000
ac01555,outputs\part_b\crops\train\ac01555.png,1000
ac00718,outputs\part_b\crops\train\ac00718.png,2160
ac00429,outputs\part_b\crops\train\ac00429.png,1049750
ac01565,outputs\part_b\crops\train\ac01565.png,1000
ac01441,outputs\part_b\crops\train\ac01441.png,5900
ac00109,outputs\part_b\crops\train\ac00109.png,8000
ac01218,outputs\part_b\crops\train\ac01218.png,1040
ac00333,outputs\part_b\crops\train\ac00333.png,10000
ac00347,outputs\part_b\crops\train\ac00347.png,116250
ac01368,outputs\part_b\crops\train\ac01368.png,8807
ac01240,outputs\part_b\crops\train\ac01240.png,2150
ac01606,outputs\part_b\crops\train\ac01606.png,54362
ac00993,outputs\part_b\crops\train\ac00993.png,6500
ac01047,outputs\part_b\crops\train\ac01047.png,10000
ac00658,outputs\part_b\crops\train\ac00658.png,130000
ac01169,outputs\part_b\crops\train\ac01169.png,2333
ac00607,outputs\part_b\crops\train\ac00607.png,428750
ac00187,outputs\part_b\crops\train\ac00187.png,100000
ac00288,outputs\part_b\crops\train\ac00288.png,690
ac00460,outputs\part_b\crops\train\ac00460.png,10385
ac00675,outputs\part_b\crops\train\ac00675.png,7343
ac00539,outputs\part_b\crops\train\ac00539.png,153382
ac01701,outputs\part_b\crops\train\ac01701.png,5000
ac00181,outputs\part_b\crops\train\ac00181.png,4860
ac01084,outputs\part_b\crops\train\ac01084.png,4840
ac00893,outputs\part_b\crops\train\ac00893.png,1750
ac01376,outputs\part_b\crops\train\ac01376.png,9433
ac01737,outputs\part_b\crops\train\ac01737.png,4692
ac00021,outputs\part_b\crops\train\ac00021.png,557375
ac01626,outputs\part_b\crops\train\ac01626.png,1000
ac00597,outputs\part_b\crops\train\ac00597.png,881
ac00698,outputs\part_b\crops\train\ac00698.png,471625
ac01073,outputs\part_b\crops\train\ac01073.png,835
ac01735,outputs\part_b\crops\train\ac01735.png,1000
ac00026,outputs\part_b\crops\train\ac00026.png,180500
ac00259,outputs\part_b\crops\train\ac00259.png,21750
ac00626,outputs\part_b\crops\train\ac00626.png,148640
ac01348,outputs\part_b\crops\train\ac01348.png,5122
ac00760,outputs\part_b\crops\train\ac00760.png,40533
ac00450,outputs\part_b\crops\train\ac00450.png,20000
ac01139,outputs\part_b\crops\train\ac01139.png,3082
ac00620,outputs\part_b\crops\train\ac00620.png,14596
ac01088,outputs\part_b\crops\train\ac01088.png,3324
ac01194,outputs\part_b\crops\train\ac01194.png,5050
ac01672,outputs\part_b\crops\train\ac01672.png,5000
ac01702,outputs\part_b\crops\train\ac01702.png,93000
ac00520,outputs\part_b\crops\train\ac00520.png,9000
ac00281,outputs\part_b\crops\train\ac00281.png,360
ac00420,outputs\part_b\crops\train\ac00420.png,583
ac01574,outputs\part_b\crops\train\ac01574.png,950
ac01224,outputs\part_b\crops\train\ac01224.png,600
ac01148,outputs\part_b\crops\train\ac01148.png,2140
ac00487,outputs\part_b\crops\train\ac00487.png,4085
ac01143,outputs\part_b\crops\train\ac01143.png,2250
ac01781,outputs\part_b\crops\train\ac01781.png,9805
ac01120,outputs\part_b\crops\train\ac01120.png,20700
ac00864,outputs\part_b\crops\train\ac00864.png,8625
ac00774,outputs\part_b\crops\train\ac00774.png,5000
ac00617,outputs\part_b\crops\train\ac00617.png,3000
ac00318,outputs\part_b\crops\train\ac00318.png,131469
ac00171,outputs\part_b\crops\train\ac00171.png,2236
ac00862,outputs\part_b\crops\train\ac00862.png,5600
ac01713,outputs\part_b\crops\train\ac01713.png,56454
ac01536,outputs\part_b\crops\train\ac01536.png,2867
ac00275,outputs\part_b\crops\train\ac00275.png,10000
ac01643,outputs\part_b\crops\train\ac01643.png,1340
ac01599,outputs\part_b\crops\train\ac01599.png,5250
ac00233,outputs\part_b\crops\train\ac00233.png,20000
ac01370,outputs\part_b\crops\train\ac01370.png,1000
ac01450,outputs\part_b\crops\train\ac01450.png,428750
ac00969,outputs\part_b\crops\train\ac00969.png,9000
ac00204,outputs\part_b\crops\train\ac00204.png,7200
ac01147,outputs\part_b\crops\train\ac01147.png,6323
ac00941,outputs\part_b\crops\train\ac00941.png,251076
ac01205,outputs\part_b\crops\train\ac01205.png,11796
ac01697,outputs\part_b\crops\train\ac01697.png,3788
ac01775,outputs\part_b\crops\train\ac01775.png,72000
ac00854,outputs\part_b\crops\train\ac00854.png,6000
ac00242,outputs\part_b\crops\train\ac00242.png,1292
ac00711,outputs\part_b\crops\train\ac00711.png,3005
ac00073,outputs\part_b\crops\train\ac00073.png,1850
ac01632,outputs\part_b\crops\train\ac01632.png,748
ac00964,outputs\part_b\crops\train\ac00964.png,3000
ac01623,outputs\part_b\crops\train\ac01623.png,41083
ac00731,outputs\part_b\crops\train\ac00731.png,1650
ac00299,outputs\part_b\crops\train\ac00299.png,150
ac00240,outputs\part_b\crops\train\ac00240.png,2740
ac00033,outputs\part_b\crops\train\ac00033.png,5000
ac00302,outputs\part_b\crops\train\ac00302.png,1000
ac01547,outputs\part_b\crops\train\ac01547.png,3000
ac00616,outputs\part_b\crops\train\ac00616.png,27650
ac00713,outputs\part_b\crops\train\ac00713.png,3307
ac00870,outputs\part_b\crops\train\ac00870.png,748
ac01418,outputs\part_b\crops\train\ac01418.png,180
ac00002,outputs\part_b\crops\train\ac00002.png,1500
ac01743,outputs\part_b\crops\train\ac01743.png,1280
ac00077,outputs\part_b\crops\train\ac00077.png,7889
ac00573,outputs\part_b\crops\train\ac00573.png,1000
ac01034,outputs\part_b\crops\train\ac01034.png,997
ac01433,outputs\part_b\crops\train\ac01433.png,18000
ac00162,outputs\part_b\crops\train\ac00162.png,8500
ac00085,outputs\part_b\crops\train\ac00085.png,1122
ac01255,outputs\part_b\crops\train\ac01255.png,13000
ac01799,outputs\part_b\crops\train\ac01799.png,9518
ac01251,outputs\part_b\crops\train\ac01251.png,3607
ac00648,outputs\part_b\crops\train\ac00648.png,3380
ac01377,outputs\part_b\crops\train\ac01377.png,9434
ac01644,outputs\part_b\crops\train\ac01644.png,40400
ac00103,outputs\part_b\crops\train\ac00103.png,2500
ac00765,outputs\part_b\crops\train\ac00765.png,10860
ac01026,outputs\part_b\crops\train\ac01026.png,12560
ac01793,outputs\part_b\crops\train\ac01793.png,44400
ac01550,outputs\part_b\crops\train\ac01550.png,934
ac00590,outputs\part_b\crops\train\ac00590.png,109325
ac01083,outputs\part_b\crops\train\ac01083.png,289701
ac00447,outputs\part_b\crops\train\ac00447.png,10000
ac00610,outputs\part_b\crops\train\ac00610.png,6997
ac00308,outputs\part_b\crops\train\ac00308.png,64000
ac00461,outputs\part_b\crops\train\ac00461.png,81600
ac01031,outputs\part_b\crops\train\ac01031.png,3124
ac01266,outputs\part_b\crops\train\ac01266.png,6860
ac00543,outputs\part_b\crops\train\ac00543.png,1000000
ac00802,outputs\part_b\crops\train\ac00802.png,3851
ac00234,outputs\part_b\crops\train\ac00234.png,1620
ac01250,outputs\part_b\crops\train\ac01250.png,1159000
ac00817,outputs\part_b\crops\train\ac00817.png,3000
ac01339,outputs\part_b\crops\train\ac01339.png,450000
ac00628,outputs\part_b\crops\train\ac00628.png,100000
ac00434,outputs\part_b\crops\train\ac00434.png,12500
ac00790,outputs\part_b\crops\train\ac00790.png,18250
ac01033,outputs\part_b\crops\train\ac01033.png,1330
ac00123,outputs\part_b\crops\train\ac00123.png,12000
ac00257,outputs\part_b\crops\train\ac00257.png,126414
ac01040,outputs\part_b\crops\train\ac01040.png,35350
ac00315,outputs\part_b\crops\train\ac00315.png,3500
ac00584,outputs\part_b\crops\train\ac00584.png,2750
ac00838,outputs\part_b\crops\train\ac00838.png,10290
ac00154,outputs\part_b\crops\train\ac00154.png,5308
ac01063,outputs\part_b\crops\train\ac01063.png,100
ac01787,outputs\part_b\crops\train\ac01787.png,47000
ac01461,outputs\part_b\crops\train\ac01461.png,4000
ac01682,outputs\part_b\crops\train\ac01682.png,4400
ac00598,outputs\part_b\crops\train\ac00598.png,10714
ac00076,outputs\part_b\crops\train\ac00076.png,14275
ac00511,outputs\part_b\crops\train\ac00511.png,5000
ac00418,outputs\part_b\crops\train\ac00418.png,432
ac00067,outputs\part_b\crops\train\ac00067.png,20000
ac01513,outputs\part_b\crops\train\ac01513.png,7185
ac01443,outputs\part_b\crops\train\ac01443.png,18646
ac01167,outputs\part_b\crops\train\ac01167.png,2500
ac01516,outputs\part_b\crops\train\ac01516.png,2362
ac01421,outputs\part_b\crops\train\ac01421.png,1470
ac01069,outputs\part_b\crops\train\ac01069.png,4123
ac00190,outputs\part_b\crops\train\ac00190.png,34197
ac01012,outputs\part_b\crops\train\ac01012.png,30770
ac01130,outputs\part_b\crops\train\ac01130.png,163187
ac01593,outputs\part_b\crops\train\ac01593.png,1800
ac01162,outputs\part_b\crops\train\ac01162.png,325000
ac00295,outputs\part_b\crops\train\ac00295.png,1466
ac01233,outputs\part_b\crops\train\ac01233.png,2000
ac01577,outputs\part_b\crops\train\ac01577.png,5828
ac01385,outputs\part_b\crops\train\ac01385.png,12138
ac00107,outputs\part_b\crops\train\ac00107.png,1488
ac00987,outputs\part_b\crops\train\ac00987.png,1625
ac00778,outputs\part_b\crops\train\ac00778.png,2920
ac01275,outputs\part_b\crops\train\ac01275.png,6000
ac00661,outputs\part_b\crops\train\ac00661.png,20000
ac00925,outputs\part_b\crops\train\ac00925.png,2490
ac01394,outputs\part_b\crops\train\ac01394.png,24056
ac00303,outputs\part_b\crops\train\ac00303.png,3650
ac01717,outputs\part_b\crops\train\ac01717.png,120000
ac01131,outputs\part_b\crops\train\ac01131.png,809
ac00046,outputs\part_b\crops\train\ac00046.png,9521
ac00283,outputs\part_b\crops\train\ac00283.png,7780
ac00131,outputs\part_b\crops\train\ac00131.png,2829350
ac01364,outputs\part_b\crops\train\ac01364.png,4500
ac01515,outputs\part_b\crops\train\ac01515.png,3060
ac01545,outputs\part_b\crops\train\ac01545.png,1540
ac00313,outputs\part_b\crops\train\ac00313.png,300000
ac00185,outputs\part_b\crops\train\ac00185.png,5000
ac00377,outputs\part_b\crops\train\ac00377.png,600
ac00235,outputs\part_b\crops\train\ac00235.png,15095
ac01507,outputs\part_b\crops\train\ac01507.png,1479
ac01518,outputs\part_b\crops\train\ac01518.png,7461
ac00860,outputs\part_b\crops\train\ac00860.png,30852
ac01107,outputs\part_b\crops\train\ac01107.png,9600
ac00293,outputs\part_b\crops\train\ac00293.png,325000
ac01134,outputs\part_b\crops\train\ac01134.png,495588
ac00545,outputs\part_b\crops\train\ac00545.png,5520
ac01727,outputs\part_b\crops\train\ac01727.png,1040
ac00611,outputs\part_b\crops\train\ac00611.png,829
ac01288,outputs\part_b\crops\train\ac01288.png,3673
ac01156,outputs\part_b\crops\train\ac01156.png,150000
ac00503,outputs\part_b\crops\train\ac00503.png,20000
ac01337,outputs\part_b\crops\train\ac01337.png,4932
ac01584,outputs\part_b\crops\train\ac01584.png,1145277
ac00198,outputs\part_b\crops\train\ac00198.png,31490
ac01358,outputs\part_b\crops\train\ac01358.png,1000
ac00714,outputs\part_b\crops\train\ac00714.png,8298
ac00788,outputs\part_b\crops\train\ac00788.png,3000
ac01687,outputs\part_b\crops\train\ac01687.png,14044320
ac00768,outputs\part_b\crops\train\ac00768.png,1900
ac00124,outputs\part_b\crops\train\ac00124.png,9576
ac01389,outputs\part_b\crops\train\ac01389.png,279286250
ac00199,outputs\part_b\crops\train\ac00199.png,2500
ac00746,outputs\part_b\crops\train\ac00746.png,29868
ac00125,outputs\part_b\crops\train\ac00125.png,13525
ac01269,outputs\part_b\crops\train\ac01269.png,350000
ac01581,outputs\part_b\crops\train\ac01581.png,16000
ac01522,outputs\part_b\crops\train\ac01522.png,3556
ac01633,outputs\part_b\crops\train\ac01633.png,8150
ac00472,outputs\part_b\crops\train\ac00472.png,5695
ac01289,outputs\part_b\crops\train\ac01289.png,1505
ac01042,outputs\part_b\crops\train\ac01042.png,7440
ac01119,outputs\part_b\crops\train\ac01119.png,23475
ac01806,outputs\part_b\crops\train\ac01806.png,20000
ac00771,outputs\part_b\crops\train\ac00771.png,1282
ac01681,outputs\part_b\crops\train\ac01681.png,100000
ac00360,outputs\part_b\crops\train\ac00360.png,3000
ac01427,outputs\part_b\crops\train\ac01427.png,23000
ac01355,outputs\part_b\crops\train\ac01355.png,1100
ac01318,outputs\part_b\crops\train\ac01318.png,5490
ac00385,outputs\part_b\crops\train\ac00385.png,24000
ac00603,outputs\part_b\crops\train\ac00603.png,64600
ac00687,outputs\part_b\crops\train\ac00687.png,57715
ac01789,outputs\part_b\crops\train\ac01789.png,1100
ac01030,outputs\part_b\crops\train\ac01030.png,287130
ac00716,outputs\part_b\crops\train\ac00716.png,2650
ac00422,outputs\part_b\crops\train\ac00422.png,34308
ac00229,outputs\part_b\crops\train\ac00229.png,6000
ac01212,outputs\part_b\crops\train\ac01212.png,10000
ac00097,outputs\part_b\crops\train\ac00097.png,11650
ac00017,outputs\part_b\crops\train\ac00017.png,1000
ac00819,outputs\part_b\crops\train\ac00819.png,950000
ac00466,outputs\part_b\crops\train\ac00466.png,315
ac01618,outputs\part_b\crops\train\ac01618.png,4900
ac00736,outputs\part_b\crops\train\ac00736.png,1495
ac00669,outputs\part_b\crops\train\ac00669.png,8591
ac01534,outputs\part_b\crops\train\ac01534.png,3000
ac01274,outputs\part_b\crops\train\ac01274.png,15373
ac00249,outputs\part_b\crops\train\ac00249.png,3500
ac01099,outputs\part_b\crops\train\ac01099.png,2793
ac00576,outputs\part_b\crops\train\ac00576.png,10000
ac01392,outputs\part_b\crops\train\ac01392.png,11500
ac01734,outputs\part_b\crops\train\ac01734.png,2180
ac00745,outputs\part_b\crops\train\ac00745.png,7525
ac01059,outputs\part_b\crops\train\ac01059.png,1800
ac00089,outputs\part_b\crops\train\ac00089.png,471625
ac00197,outputs\part_b\crops\train\ac00197.png,4000
ac00979,outputs\part_b\crops\train\ac00979.png,134637
ac00537,outputs\part_b\crops\train\ac00537.png,30000
ac00010,outputs\part_b\crops\train\ac00010.png,1250
ac01183,outputs\part_b\crops\train\ac01183.png,33634
ac00285,outputs\part_b\crops\train\ac00285.png,90000
ac01361,outputs\part_b\crops\train\ac01361.png,1000
ac00726,outputs\part_b\crops\train\ac00726.png,8495
ac00618,outputs\part_b\crops\train\ac00618.png,900
ac00909,outputs\part_b\crops\train\ac00909.png,111926
ac00290,outputs\part_b\crops\train\ac00290.png,1908
ac00354,outputs\part_b\crops\train\ac00354.png,10545
ac00267,outputs\part_b\crops\train\ac00267.png,359
ac01294,outputs\part_b\crops\train\ac01294.png,13750
ac00371,outputs\part_b\crops\train\ac00371.png,8880
ac01614,outputs\part_b\crops\train\ac01614.png,19315
ac01199,outputs\part_b\crops\train\ac01199.png,3500
ac01657,outputs\part_b\crops\train\ac01657.png,11000
ac01317,outputs\part_b\crops\train\ac01317.png,3495
ac00879,outputs\part_b\crops\train\ac00879.png,40000
ac01086,outputs\part_b\crops\train\ac01086.png,10000
ac00029,outputs\part_b\crops\train\ac00029.png,308000
ac00350,outputs\part_b\crops\train\ac00350.png,10430
ac01458,outputs\part_b\crops\train\ac01458.png,8631
ac00692,outputs\part_b\crops\train\ac00692.png,3960
ac00632,outputs\part_b\crops\train\ac00632.png,30000000
ac01509,outputs\part_b\crops\train\ac01509.png,16750
ac00483,outputs\part_b\crops\train\ac00483.png,1225
ac01067,outputs\part_b\crops\train\ac01067.png,19334
ac00252,outputs\part_b\crops\train\ac00252.png,162496
ac00469,outputs\part_b\crops\train\ac00469.png,15000
ac00910,outputs\part_b\crops\train\ac00910.png,29500
ac01290,outputs\part_b\crops\train\ac01290.png,49258
ac00179,outputs\part_b\crops\train\ac00179.png,1192
ac00510,outputs\part_b\crops\train\ac00510.png,1570
ac00668,outputs\part_b\crops\train\ac00668.png,363174
ac00557,outputs\part_b\crops\train\ac00557.png,5470
ac01125,outputs\part_b\crops\train\ac01125.png,5734
ac01077,outputs\part_b\crops\train\ac01077.png,13850
ac00999,outputs\part_b\crops\train\ac00999.png,60000
ac00561,outputs\part_b\crops\train\ac00561.png,21812
ac01739,outputs\part_b\crops\train\ac01739.png,25000
ac00899,outputs\part_b\crops\train\ac00899.png,18000
ac01607,outputs\part_b\crops\train\ac01607.png,22200
ac00949,outputs\part_b\crops\train\ac00949.png,500
ac01772,outputs\part_b\crops\train\ac01772.png,3750
ac00895,outputs\part_b\crops\train\ac00895.png,4000
ac00219,outputs\part_b\crops\train\ac00219.png,6860
ac01013,outputs\part_b\crops\train\ac01013.png,187451
ac01745,outputs\part_b\crops\train\ac01745.png,20000
ac00025,outputs\part_b\crops\train\ac00025.png,40000
ac00706,outputs\part_b\crops\train\ac00706.png,47250
ac01397,outputs\part_b\crops\train\ac01397.png,1369
ac01695,outputs\part_b\crops\train\ac01695.png,23750
ac01723,outputs\part_b\crops\train\ac01723.png,5000
ac01111,outputs\part_b\crops\train\ac01111.png,369
ac00719,outputs\part_b\crops\train\ac00719.png,5000
ac00086,outputs\part_b\crops\train\ac00086.png,969
ac01556,outputs\part_b\crops\train\ac01556.png,2000
ac00625,outputs\part_b\crops\train\ac00625.png,50000
ac00210,outputs\part_b\crops\train\ac00210.png,7100
ac01523,outputs\part_b\crops\train\ac01523.png,31500
ac00157,outputs\part_b\crops\train\ac00157.png,425
ac00414,outputs\part_b\crops\train\ac00414.png,890235
ac00820,outputs\part_b\crops\train\ac00820.png,1783290
ac00776,outputs\part_b\crops\train\ac00776.png,450
ac01564,outputs\part_b\crops\train\ac01564.png,3120
ac00053,outputs\part_b\crops\train\ac00053.png,1200
ac01307,outputs\part_b\crops\train\ac01307.png,233794
ac00645,outputs\part_b\crops\train\ac00645.png,5000
ac00341,outputs\part_b\crops\train\ac00341.png,5000
ac01079,outputs\part_b\crops\train\ac01079.png,450
ac00349,outputs\part_b\crops\train\ac00349.png,17005
ac00763,outputs\part_b\crops\train\ac00763.png,15000
ac00532,outputs\part_b\crops\train\ac00532.png,12137
ac01429,outputs\part_b\crops\train\ac01429.png,3000
ac00454,outputs\part_b\crops\train\ac00454.png,42566
ac01635,outputs\part_b\crops\train\ac01635.png,5000
ac01223,outputs\part_b\crops\train\ac01223.png,1090
ac00261,outputs\part_b\crops\train\ac00261.png,231465
ac01415,outputs\part_b\crops\train\ac01415.png,157225
ac01204,outputs\part_b\crops\train\ac01204.png,2626
ac00041,outputs\part_b\crops\train\ac00041.png,84765
ac01302,outputs\part_b\crops\train\ac01302.png,7956
ac01171,outputs\part_b\crops\train\ac01171.png,1700000
ac00064,outputs\part_b\crops\train\ac00064.png,500
ac00084,outputs\part_b\crops\train\ac00084.png,2000
ac01436,outputs\part_b\crops\train\ac01436.png,3585
ac00467,outputs\part_b\crops\train\ac00467.png,315
ac01300,outputs\part_b\crops\train\ac01300.png,9941382
ac00108,outputs\part_b\crops\train\ac00108.png,50000
ac01597,outputs\part_b\crops\train\ac01597.png,3240
ac01304,outputs\part_b\crops\train\ac01304.png,15000
ac01426,outputs\part_b\crops\train\ac01426.png,7478
ac00524,outputs\part_b\crops\train\ac00524.png,1832
ac00871,outputs\part_b\crops\train\ac00871.png,8800
ac01726,outputs\part_b\crops\train\ac01726.png,3280
ac01105,outputs\part_b\crops\train\ac01105.png,98362
ac00699,outputs\part_b\crops\train\ac00699.png,2677
ac00677,outputs\part_b\crops\train\ac00677.png,9000
ac01466,outputs\part_b\crops\train\ac01466.png,1000000
ac01571,outputs\part_b\crops\train\ac01571.png,16629
ac00678,outputs\part_b\crops\train\ac00678.png,7185315
ac01241,outputs\part_b\crops\train\ac01241.png,7900
ac00540,outputs\part_b\crops\train\ac00540.png,15635
ac01190,outputs\part_b\crops\train\ac01190.png,3000
ac00380,outputs\part_b\crops\train\ac00380.png,11894
ac00953,outputs\part_b\crops\train\ac00953.png,4400
ac00280,outputs\part_b\crops\train\ac00280.png,5686
ac01665,outputs\part_b\crops\train\ac01665.png,450
ac00173,outputs\part_b\crops\train\ac00173.png,1950
ac01529,outputs\part_b\crops\train\ac01529.png,1800
ac00814,outputs\part_b\crops\train\ac00814.png,1472
ac00056,outputs\part_b\crops\train\ac00056.png,5000
ac01708,outputs\part_b\crops\train\ac01708.png,50000
ac01714,outputs\part_b\crops\train\ac01714.png,7920
ac00966,outputs\part_b\crops\train\ac00966.png,76000
ac01576,outputs\part_b\crops\train\ac01576.png,8850
ac00836,outputs\part_b\crops\train\ac00836.png,29460
ac00696,outputs\part_b\crops\train\ac00696.png,6860
ac00804,outputs\part_b\crops\train\ac00804.png,10000
ac00060,outputs\part_b\crops\train\ac00060.png,60000
ac01476,outputs\part_b\crops\train\ac01476.png,581
ac00900,outputs\part_b\crops\train\ac00900.png,1620
ac00566,outputs\part_b\crops\train\ac00566.png,50156
ac01661,outputs\part_b\crops\train\ac01661.png,20000
ac01009,outputs\part_b\crops\train\ac01009.png,3651
ac01546,outputs\part_b\crops\train\ac01546.png,80000
ac01129,outputs\part_b\crops\train\ac01129.png,2343
ac01260,outputs\part_b\crops\train\ac01260.png,1348
ac01425,outputs\part_b\crops\train\ac01425.png,7620
ac00806,outputs\part_b\crops\train\ac00806.png,2300
ac01612,outputs\part_b\crops\train\ac01612.png,20000
ac00728,outputs\part_b\crops\train\ac00728.png,7951
ac00012,outputs\part_b\crops\train\ac00012.png,1082985
ac01782,outputs\part_b\crops\train\ac01782.png,20000
ac00787,outputs\part_b\crops\train\ac00787.png,1700
ac00040,outputs\part_b\crops\train\ac00040.png,8615
ac00805,outputs\part_b\crops\train\ac00805.png,1605
ac00868,outputs\part_b\crops\train\ac00868.png,77900
ac00431,outputs\part_b\crops\train\ac00431.png,4500
ac00129,outputs\part_b\crops\train\ac00129.png,7400
ac00859,outputs\part_b\crops\train\ac00859.png,2747
ac00963,outputs\part_b\crops\train\ac00963.png,22140
ac01122,outputs\part_b\crops\train\ac01122.png,5145
ac00685,outputs\part_b\crops\train\ac00685.png,18000
ac00842,outputs\part_b\crops\train\ac00842.png,22185
ac00857,outputs\part_b\crops\train\ac00857.png,3212
ac01553,outputs\part_b\crops\train\ac01553.png,3140
ac01807,outputs\part_b\crops\train\ac01807.png,1349095
ac00316,outputs\part_b\crops\train\ac00316.png,1566
ac00792,outputs\part_b\crops\train\ac00792.png,11500
ac00481,outputs\part_b\crops\train\ac00481.png,2679
ac00312,outputs\part_b\crops\train\ac00312.png,40186
ac01690,outputs\part_b\crops\train\ac01690.png,1906
ac00167,outputs\part_b\crops\train\ac00167.png,640717
ac01117,outputs\part_b\crops\train\ac01117.png,5534
ac00662,outputs\part_b\crops\train\ac00662.png,300000
ac00695,outputs\part_b\crops\train\ac00695.png,30000
ac00564,outputs\part_b\crops\train\ac00564.png,7290
ac00488,outputs\part_b\crops\train\ac00488.png,10940
ac00593,outputs\part_b\crops\train\ac00593.png,1760
ac00160,outputs\part_b\crops\train\ac00160.png,2000
ac00908,outputs\part_b\crops\train\ac00908.png,9829
ac00570,outputs\part_b\crops\train\ac00570.png,2500
ac00497,outputs\part_b\crops\train\ac00497.png,6700
ac01001,outputs\part_b\crops\train\ac01001.png,12641
ac01078,outputs\part_b\crops\train\ac01078.png,20240
ac00575,outputs\part_b\crops\train\ac00575.png,2298
ac00514,outputs\part_b\crops\train\ac00514.png,14000
ac00538,outputs\part_b\crops\train\ac00538.png,936
ac00929,outputs\part_b\crops\train\ac00929.png,67402
ac00981,outputs\part_b\crops\train\ac00981.png,43064
ac00330,outputs\part_b\crops\train\ac00330.png,137660324
ac00921,outputs\part_b\crops\train\ac00921.png,1100
ac01236,outputs\part_b\crops\train\ac01236.png,75
ac00881,outputs\part_b\crops\train\ac00881.png,3600
ac01043,outputs\part_b\crops\train\ac01043.png,30000
ac00914,outputs\part_b\crops\train\ac00914.png,6400
ac00657,outputs\part_b\crops\train\ac00657.png,1200
ac01155,outputs\part_b\crops\train\ac01155.png,3280
ac01445,outputs\part_b\crops\train\ac01445.png,5700
ac01267,outputs\part_b\crops\train\ac01267.png,557375
ac00276,outputs\part_b\crops\train\ac00276.png,10000
ac00942,outputs\part_b\crops\train\ac00942.png,538650
ac00251,outputs\part_b\crops\train\ac00251.png,8850
ac00518,outputs\part_b\crops\train\ac00518.png,1000
ac01152,outputs\part_b\crops\train\ac01152.png,4593050
ac01449,outputs\part_b\crops\train\ac01449.png,500000
ac00960,outputs\part_b\crops\train\ac00960.png,3908046
ac01071,outputs\part_b\crops\train\ac01071.png,1848850
ac00368,outputs\part_b\crops\train\ac00368.png,1000
ac00456,outputs\part_b\crops\train\ac00456.png,2400
ac00878,outputs\part_b\crops\train\ac00878.png,12005
ac00221,outputs\part_b\crops\train\ac00221.png,385875
ac00011,outputs\part_b\crops\train\ac00011.png,624260
ac00306,outputs\part_b\crops\train\ac00306.png,2000
ac00507,outputs\part_b\crops\train\ac00507.png,500000
ac01287,outputs\part_b\crops\train\ac01287.png,13000
ac01022,outputs\part_b\crops\train\ac01022.png,10772
ac00794,outputs\part_b\crops\train\ac00794.png,4774
ac00406,outputs\part_b\crops\train\ac00406.png,2254
ac01189,outputs\part_b\crops\train\ac01189.png,2700
ac00856,outputs\part_b\crops\train\ac00856.png,471625
ac00940,outputs\part_b\crops\train\ac00940.png,23478
ac00151,outputs\part_b\crops\train\ac00151.png,31860
ac01578,outputs\part_b\crops\train\ac01578.png,1715677
ac01706,outputs\part_b\crops\train\ac01706.png,3100
ac00096,outputs\part_b\crops\train\ac00096.png,150000
ac01314,outputs\part_b\crops\train\ac01314.png,700
ac00305,outputs\part_b\crops\train\ac00305.png,30000
ac01608,outputs\part_b\crops\train\ac01608.png,21000
ac01554,outputs\part_b\crops\train\ac01554.png,15999
ac00643,outputs\part_b\crops\train\ac00643.png,3439
ac01435,outputs\part_b\crops\train\ac01435.png,15000
ac01480,outputs\part_b\crops\train\ac01480.png,33500
ac00694,outputs\part_b\crops\train\ac00694.png,23293
ac01065,outputs\part_b\crops\train\ac01065.png,4000
ac00589,outputs\part_b\crops\train\ac00589.png,2934
ac00175,outputs\part_b\crops\train\ac00175.png,450000
ac00353,outputs\part_b\crops\train\ac00353.png,110850
ac00978,outputs\part_b\crops\train\ac00978.png,20039
ac01056,outputs\part_b\crops\train\ac01056.png,10000
ac01474,outputs\part_b\crops\train\ac01474.png,1404
ac00913,outputs\part_b\crops\train\ac00913.png,1000
ac01347,outputs\part_b\crops\train\ac01347.png,5184
ac00961,outputs\part_b\crops\train\ac00961.png,6500
ac00667,outputs\part_b\crops\train\ac00667.png,1680
ac01198,outputs\part_b\crops\train\ac01198.png,5000
ac01333,outputs\part_b\crops\train\ac01333.png,4225
ac01326,outputs\part_b\crops\train\ac01326.png,2250
ac00595,outputs\part_b\crops\train\ac00595.png,2322
ac00630,outputs\part_b\crops\train\ac00630.png,6232
ac00000,outputs\part_b\crops\train\ac00000.png,48626
ac01133,outputs\part_b\crops\train\ac01133.png,379940
ac00839,outputs\part_b\crops\train\ac00839.png,4334
ac00624,outputs\part_b\crops\train\ac00624.png,33750
ac01176,outputs\part_b\crops\train\ac01176.png,25000
ac00364,outputs\part_b\crops\train\ac00364.png,134126
ac01470,outputs\part_b\crops\train\ac01470.png,1362
ac00869,outputs\part_b\crops\train\ac00869.png,1500
ac01499,outputs\part_b\crops\train\ac01499.png,26317
ac00263,outputs\part_b\crops\train\ac00263.png,9000
ac01380,outputs\part_b\crops\train\ac01380.png,3670
ac00613,outputs\part_b\crops\train\ac00613.png,870
ac01504,outputs\part_b\crops\train\ac01504.png,20000
ac00676,outputs\part_b\crops\train\ac00676.png,603
ac00844,outputs\part_b\crops\train\ac00844.png,4603
ac00641,outputs\part_b\crops\train\ac00641.png,105933
ac01048,outputs\part_b\crops\train\ac01048.png,10000
ac00623,outputs\part_b\crops\train\ac00623.png,900
ac01748,outputs\part_b\crops\train\ac01748.png,4500
ac01273,outputs\part_b\crops\train\ac01273.png,45000
ac01671,outputs\part_b\crops\train\ac01671.png,18768
ac00145,outputs\part_b\crops\train\ac00145.png,9922
ac00891,outputs\part_b\crops\train\ac00891.png,10000
ac00753,outputs\part_b\crops\train\ac00753.png,2700
ac00411,outputs\part_b\crops\train\ac00411.png,570
ac01113,outputs\part_b\crops\train\ac01113.png,35283
ac01075,outputs\part_b\crops\train\ac01075.png,10000
ac00003,outputs\part_b\crops\train\ac00003.png,2415
ac01272,outputs\part_b\crops\train\ac01272.png,60000
ac01354,outputs\part_b\crops\train\ac01354.png,3000
ac00529,outputs\part_b\crops\train\ac00529.png,1000
ac01498,outputs\part_b\crops\train\ac01498.png,950
ac01525,outputs\part_b\crops\train\ac01525.png,2460
ac01645,outputs\part_b\crops\train\ac01645.png,385875
ac01403,outputs\part_b\crops\train\ac01403.png,1630
ac01057,outputs\part_b\crops\train\ac01057.png,1380
ac01252,outputs\part_b\crops\train\ac01252.png,9220
ac00901,outputs\part_b\crops\train\ac00901.png,1950
ac01451,outputs\part_b\crops\train\ac01451.png,6860
ac00715,outputs\part_b\crops\train\ac00715.png,480
ac00897,outputs\part_b\crops\train\ac00897.png,125000
ac01647,outputs\part_b\crops\train\ac01647.png,1200
ac00225,outputs\part_b\crops\train\ac00225.png,3975
ac00079,outputs\part_b\crops\train\ac00079.png,5993
ac01800,outputs\part_b\crops\train\ac01800.png,1500
ac01200,outputs\part_b\crops\train\ac01200.png,5278
ac01616,outputs\part_b\crops\train\ac01616.png,19832
ac01419,outputs\part_b\crops\train\ac01419.png,250
ac01374,outputs\part_b\crops\train\ac01374.png,5145
ac00057,outputs\part_b\crops\train\ac00057.png,6616
ac00686,outputs\part_b\crops\train\ac00686.png,2944
ac01497,outputs\part_b\crops\train\ac01497.png,1410
ac00826,outputs\part_b\crops\train\ac00826.png,10629
ac01659,outputs\part_b\crops\train\ac01659.png,119950
ac00727,outputs\part_b\crops\train\ac00727.png,28441
ac00579,outputs\part_b\crops\train\ac00579.png,12000
ac01736,outputs\part_b\crops\train\ac01736.png,40000
ac01492,outputs\part_b\crops\train\ac01492.png,50000
ac00680,outputs\part_b\crops\train\ac00680.png,259920
ac00824,outputs\part_b\crops\train\ac00824.png,3395
ac00403,outputs\part_b\crops\train\ac00403.png,21000
ac00049,outputs\part_b\crops\train\ac00049.png,6100
ac00464,outputs\part_b\crops\train\ac00464.png,8000
ac01733,outputs\part_b\crops\train\ac01733.png,23976
ac00633,outputs\part_b\crops\train\ac00633.png,1400
ac00724,outputs\part_b\crops\train\ac00724.png,23700
ac00950,outputs\part_b\crops\train\ac00950.png,10000
ac00416,outputs\part_b\crops\train\ac00416.png,10800
ac00463,outputs\part_b\crops\train\ac00463.png,960
ac00972,outputs\part_b\crops\train\ac00972.png,710005
ac00080,outputs\part_b\crops\train\ac00080.png,912
ac00791,outputs\part_b\crops\train\ac00791.png,2100
ac00224,outputs\part_b\crops\train\ac00224.png,1169
ac01771,outputs\part_b\crops\train\ac01771.png,1000
ac01631,outputs\part_b\crops\train\ac01631.png,5000
ac00516,outputs\part_b\crops\train\ac00516.png,15000
ac00851,outputs\part_b\crops\train\ac00851.png,20000
ac00688,outputs\part_b\crops\train\ac00688.png,10290
ac00375,outputs\part_b\crops\train\ac00375.png,4000
ac00051,outputs\part_b\crops\train\ac00051.png,70000
ac00852,outputs\part_b\crops\train\ac00852.png,7500
ac00370,outputs\part_b\crops\train\ac00370.png,1881952
ac00337,outputs\part_b\crops\train\ac00337.png,27000
ac01479,outputs\part_b\crops\train\ac01479.png,15000
ac00321,outputs\part_b\crops\train\ac00321.png,23510
ac01282,outputs\part_b\crops\train\ac01282.png,10553
ac01784,outputs\part_b\crops\train\ac01784.png,4279
ac01157,outputs\part_b\crops\train\ac01157.png,450
ac00732,outputs\part_b\crops\train\ac00732.png,1078
ac00212,outputs\part_b\crops\train\ac00212.png,491330
ac01621,outputs\part_b\crops\train\ac01621.png,11400
ac00438,outputs\part_b\crops\train\ac00438.png,50000
ac00740,outputs\part_b\crops\train\ac00740.png,4000
ac01428,outputs\part_b\crops\train\ac01428.png,10000
ac00754,outputs\part_b\crops\train\ac00754.png,16700
ac00639,outputs\part_b\crops\train\ac00639.png,1286
ac00087,outputs\part_b\crops\train\ac00087.png,87000
ac00264,outputs\part_b\crops\train\ac00264.png,375
ac00888,outputs\part_b\crops\train\ac00888.png,4000000
ac00307,outputs\part_b\crops\train\ac00307.png,3000
ac01142,outputs\part_b\crops\train\ac01142.png,728
ac01203,outputs\part_b\crops\train\ac01203.png,57000
ac01391,outputs\part_b\crops\train\ac01391.png,4000
ac00074,outputs\part_b\crops\train\ac00074.png,5000
ac01128,outputs\part_b\crops\train\ac01128.png,21619
ac00309,outputs\part_b\crops\train\ac00309.png,50800
ac01488,outputs\part_b\crops\train\ac01488.png,1800000
ac01596,outputs\part_b\crops\train\ac01596.png,5115
ac01405,outputs\part_b\crops\train\ac01405.png,2500
ac01159,outputs\part_b\crops\train\ac01159.png,7000
ac00883,outputs\part_b\crops\train\ac00883.png,921714
ac01140,outputs\part_b\crops\train\ac01140.png,3985
ac00912,outputs\part_b\crops\train\ac00912.png,50175
ac01604,outputs\part_b\crops\train\ac01604.png,1440
ac00544,outputs\part_b\crops\train\ac00544.png,35187
ac01315,outputs\part_b\crops\train\ac01315.png,1712
ac00270,outputs\part_b\crops\train\ac00270.png,8450
ac00691,outputs\part_b\crops\train\ac00691.png,1000
ac00007,outputs\part_b\crops\train\ac00007.png,2550
ac00092,outputs\part_b\crops\train\ac00092.png,20000
ac00574,outputs\part_b\crops\train\ac00574.png,6282
ac01514,outputs\part_b\crops\train\ac01514.png,19440
ac01310,outputs\part_b\crops\train\ac01310.png,3993212
ac01761,outputs\part_b\crops\train\ac01761.png,14250
ac00106,outputs\part_b\crops\train\ac00106.png,28000
ac01640,outputs\part_b\crops\train\ac01640.png,4000
ac01598,outputs\part_b\crops\train\ac01598.png,400
ac01045,outputs\part_b\crops\train\ac01045.png,5145
ac00548,outputs\part_b\crops\train\ac00548.png,8000
ac01309,outputs\part_b\crops\train\ac01309.png,2450
ac00424,outputs\part_b\crops\train\ac00424.png,1000
ac00710,outputs\part_b\crops\train\ac00710.png,18830
ac00439,outputs\part_b\crops\train\ac00439.png,37500
ac01249,outputs\part_b\crops\train\ac01249.png,3946
ac00585,outputs\part_b\crops\train\ac00585.png,707
ac00565,outputs\part_b\crops\train\ac00565.png,30000
ac01766,outputs\part_b\crops\train\ac01766.png,450
ac01639,outputs\part_b\crops\train\ac01639.png,13942
ac00222,outputs\part_b\crops\train\ac00222.png,6250
ac00239,outputs\part_b\crops\train\ac00239.png,12200
ac01754,outputs\part_b\crops\train\ac01754.png,1800
ac00278,outputs\part_b\crops\train\ac00278.png,1064
ac00214,outputs\part_b\crops\train\ac00214.png,1240
ac01369,outputs\part_b\crops\train\ac01369.png,101150
ac00621,outputs\part_b\crops\train\ac00621.png,10000
ac01146,outputs\part_b\crops\train\ac01146.png,4000
ac01378,outputs\part_b\crops\train\ac01378.png,2965
ac00016,outputs\part_b\crops\train\ac00016.png,22610
ac01641,outputs\part_b\crops\train\ac01641.png,9750
ac01350,outputs\part_b\crops\train\ac01350.png,6520
ac01263,outputs\part_b\crops\train\ac01263.png,6615
ac00627,outputs\part_b\crops\train\ac00627.png,6400
ac01123,outputs\part_b\crops\train\ac01123.png,160000
ac01656,outputs\part_b\crops\train\ac01656.png,2562
ac01624,outputs\part_b\crops\train\ac01624.png,18826
ac00591,outputs\part_b\crops\train\ac00591.png,1450
ac00764,outputs\part_b\crops\train\ac00764.png,125000
ac00508,outputs\part_b\crops\train\ac00508.png,1300000
ac01439,outputs\part_b\crops\train\ac01439.png,4750
ac00722,outputs\part_b\crops\train\ac00722.png,64157
ac00274,outputs\part_b\crops\train\ac00274.png,5000
ac01414,outputs\part_b\crops\train\ac01414.png,10000
ac01046,outputs\part_b\crops\train\ac01046.png,34000
ac00444,outputs\part_b\crops\train\ac00444.png,158100
ac01112,outputs\part_b\crops\train\ac01112.png,428750
ac00152,outputs\part_b\crops\train\ac00152.png,1380
ac00206,outputs\part_b\crops\train\ac00206.png,50556
ac01164,outputs\part_b\crops\train\ac01164.png,21150
ac01283,outputs\part_b\crops\train\ac01283.png,10082
ac00946,outputs\part_b\crops\train\ac00946.png,28058
ac00019,outputs\part_b\crops\train\ac00019.png,4500
ac00150,outputs\part_b\crops\train\ac00150.png,264950
ac01700,outputs\part_b\crops\train\ac01700.png,95850
ac00944,outputs\part_b\crops\train\ac00944.png,32500
ac00622,outputs\part_b\crops\train\ac00622.png,632
ac01332,outputs\part_b\crops\train\ac01332.png,50000
ac01562,outputs\part_b\crops\train\ac01562.png,15750
ac00271,outputs\part_b\crops\train\ac00271.png,1000
ac01678,outputs\part_b\crops\train\ac01678.png,15000
ac01467,outputs\part_b\crops\train\ac01467.png,5000
ac00496,outputs\part_b\crops\train\ac00496.png,200000
ac00651,outputs\part_b\crops\train\ac00651.png,8592
ac01382,outputs\part_b\crops\train\ac01382.png,19900
ac00426,outputs\part_b\crops\train\ac00426.png,10000
ac00542,outputs\part_b\crops\train\ac00542.png,11000
ac00655,outputs\part_b\crops\train\ac00655.png,48000
ac01081,outputs\part_b\crops\train\ac01081.png,3211
ac01168,outputs\part_b\crops\train\ac01168.png,5500
ac01753,outputs\part_b\crops\train\ac01753.png,3803
ac01357,outputs\part_b\crops\train\ac01357.png,1268
ac00866,outputs\part_b\crops\train\ac00866.png,30537
ac00169,outputs\part_b\crops\train\ac00169.png,7511
ac01279,outputs\part_b\crops\train\ac01279.png,24500
ac00082,outputs\part_b\crops\train\ac00082.png,900
ac01228,outputs\part_b\crops\train\ac01228.png,1114750
ac01196,outputs\part_b\crops\train\ac01196.png,2000
ac00512,outputs\part_b\crops\train\ac00512.png,20000
ac01177,outputs\part_b\crops\train\ac01177.png,51702350
ac00248,outputs\part_b\crops\train\ac00248.png,22195
ac00834,outputs\part_b\crops\train\ac00834.png,8000
ac00489,outputs\part_b\crops\train\ac00489.png,41247
ac01393,outputs\part_b\crops\train\ac01393.png,11918
ac00141,outputs\part_b\crops\train\ac00141.png,5000
ac01229,outputs\part_b\crops\train\ac01229.png,1079170
ac00142,outputs\part_b\crops\train\ac00142.png,7700
ac00388,outputs\part_b\crops\train\ac00388.png,268
ac00166,outputs\part_b\crops\train\ac00166.png,2586
ac01050,outputs\part_b\crops\train\ac01050.png,1025
ac00118,outputs\part_b\crops\train\ac00118.png,4250
ac00327,outputs\part_b\crops\train\ac00327.png,28766
ac01098,outputs\part_b\crops\train\ac01098.png,700000
ac01039,outputs\part_b\crops\train\ac01039.png,3800
ac00985,outputs\part_b\crops\train\ac00985.png,5700
ac01207,outputs\part_b\crops\train\ac01207.png,815
ac00104,outputs\part_b\crops\train\ac00104.png,6225
ac00119,outputs\part_b\crops\train\ac00119.png,10000
ac00650,outputs\part_b\crops\train\ac00650.png,6600
ac01511,outputs\part_b\crops\train\ac01511.png,950
ac01121,outputs\part_b\crops\train\ac01121.png,500
ac01197,outputs\part_b\crops\train\ac01197.png,2555
ac00121,outputs\part_b\crops\train\ac00121.png,756
ac00453,outputs\part_b\crops\train\ac00453.png,16220
ac00615,outputs\part_b\crops\train\ac00615.png,3905
ac00396,outputs\part_b\crops\train\ac00396.png,26000
ac00322,outputs\part_b\crops\train\ac00322.png,19918
ac01006,outputs\part_b\crops\train\ac01006.png,13015
ac01366,outputs\part_b\crops\train\ac01366.png,144000
ac01149,outputs\part_b\crops\train\ac01149.png,2100
ac01437,outputs\part_b\crops\train\ac01437.png,5000
ac01617,outputs\part_b\crops\train\ac01617.png,78530
ac00592,outputs\part_b\crops\train\ac00592.png,1200
ac00939,outputs\part_b\crops\train\ac00939.png,4169
ac00551,outputs\part_b\crops\train\ac00551.png,350
ac00807,outputs\part_b\crops\train\ac00807.png,15000
ac00004,outputs\part_b\crops\train\ac00004.png,4500
ac00784,outputs\part_b\crops\train\ac00784.png,6135
ac00343,outputs\part_b\crops\train\ac00343.png,9408
ac01667,outputs\part_b\crops\train\ac01667.png,200000
ac01688,outputs\part_b\crops\train\ac01688.png,1345
ac00445,outputs\part_b\crops\train\ac00445.png,10312
ac00994,outputs\part_b\crops\train\ac00994.png,100000
ac01531,outputs\part_b\crops\train\ac01531.png,3500
ac00840,outputs\part_b\crops\train\ac00840.png,60000
ac00346,outputs\part_b\crops\train\ac00346.png,4127
ac00492,outputs\part_b\crops\train\ac00492.png,2588
ac01792,outputs\part_b\crops\train\ac01792.png,5070
ac00030,outputs\part_b\crops\train\ac00030.png,11220
ac01118,outputs\part_b\crops\train\ac01118.png,70800
ac01346,outputs\part_b\crops\train\ac01346.png,34000
ac00105,outputs\part_b\crops\train\ac00105.png,2800
ac00202,outputs\part_b\crops\train\ac00202.png,7000
ac01138,outputs\part_b\crops\train\ac01138.png,4450
ac00915,outputs\part_b\crops\train\ac00915.png,1216
ac00156,outputs\part_b\crops\train\ac00156.png,5482
ac00519,outputs\part_b\crops\train\ac00519.png,41000
ac00956,outputs\part_b\crops\train\ac00956.png,3100
ac01533,outputs\part_b\crops\train\ac01533.png,5517
ac00383,outputs\part_b\crops\train\ac00383.png,5900
ac01648,outputs\part_b\crops\train\ac01648.png,7500
ac00291,outputs\part_b\crops\train\ac00291.png,10000
ac00926,outputs\part_b\crops\train\ac00926.png,10000
ac01749,outputs\part_b\crops\train\ac01749.png,1220
ac01802,outputs\part_b\crops\train\ac01802.png,64177
ac00400,outputs\part_b\crops\train\ac00400.png,1940
ac00517,outputs\part_b\crops\train\ac00517.png,3238
ac00226,outputs\part_b\crops\train\ac00226.png,5000
ac00702,outputs\part_b\crops\train\ac00702.png,9641
ac01503,outputs\part_b\crops\train\ac01503.png,17550
ac00832,outputs\part_b\crops\train\ac00832.png,1983
ac00126,outputs\part_b\crops\train\ac00126.png,14587
ac00203,outputs\part_b\crops\train\ac00203.png,2012
ac01334,outputs\part_b\crops\train\ac01334.png,1114750
ac01349,outputs\part_b\crops\train\ac01349.png,10775
ac01390,outputs\part_b\crops\train\ac01390.png,4000
ac00112,outputs\part_b\crops\train\ac00112.png,30000
ac01707,outputs\part_b\crops\train\ac01707.png,50000
ac00965,outputs\part_b\crops\train\ac00965.png,5000
ac00849,outputs\part_b\crops\train\ac00849.png,2080
ac00875,outputs\part_b\crops\train\ac00875.png,500
ac00733,outputs\part_b\crops\train\ac00733.png,32733
ac00890,outputs\part_b\crops\train\ac00890.png,2000000
ac01360,outputs\part_b\crops\train\ac01360.png,89661
ac01759,outputs\part_b\crops\train\ac01759.png,117800
ac00195,outputs\part_b\crops\train\ac00195.png,1565
ac00397,outputs\part_b\crops\train\ac00397.png,21000
ac00841,outputs\part_b\crops\train\ac00841.png,2674
ac01524,outputs\part_b\crops\train\ac01524.png,6666
ac00505,outputs\part_b\crops\train\ac00505.png,3080
ac00977,outputs\part_b\crops\train\ac00977.png,35845
ac01191,outputs\part_b\crops\train\ac01191.png,6784
ac01180,outputs\part_b\crops\train\ac01180.png,10300
ac01493,outputs\part_b\crops\train\ac01493.png,50000
ac00273,outputs\part_b\crops\train\ac00273.png,4800
ac01570,outputs\part_b\crops\train\ac01570.png,4645
ac00446,outputs\part_b\crops\train\ac00446.png,75000
ac01004,outputs\part_b\crops\train\ac01004.png,50000
ac01381,outputs\part_b\crops\train\ac01381.png,3383
ac00578,outputs\part_b\crops\train\ac00578.png,6056
ac00495,outputs\part_b\crops\train\ac00495.png,113000
ac01062,outputs\part_b\crops\train\ac01062.png,352
ac01544,outputs\part_b\crops\train\ac01544.png,6600
ac00684,outputs\part_b\crops\train\ac00684.png,500
ac00065,outputs\part_b\crops\train\ac00065.png,28445
ac00140,outputs\part_b\crops\train\ac00140.png,4000
ac00476,outputs\part_b\crops\train\ac00476.png,2055
ac00122,outputs\part_b\crops\train\ac00122.png,5750
ac01303,outputs\part_b\crops\train\ac01303.png,6510
ac01460,outputs\part_b\crops\train\ac01460.png,3000
ac00147,outputs\part_b\crops\train\ac00147.png,3884
ac00014,outputs\part_b\crops\train\ac00014.png,3003
ac01779,outputs\part_b\crops\train\ac01779.png,52500
ac01216,outputs\part_b\crops\train\ac01216.png,2640
ac00479,outputs\part_b\crops\train\ac00479.png,2861
ac01145,outputs\part_b\crops\train\ac01145.png,200000
ac01215,outputs\part_b\crops\train\ac01215.png,20000
ac00043,outputs\part_b\crops\train\ac00043.png,13323
ac00700,outputs\part_b\crops\train\ac00700.png,30000
ac00133,outputs\part_b\crops\train\ac00133.png,2152650
ac00468,outputs\part_b\crops\train\ac00468.png,909
ac00515,outputs\part_b\crops\train\ac00515.png,2874
ac00250,outputs\part_b\crops\train\ac00250.png,3293
ac00932,outputs\part_b\crops\train\ac00932.png,15000
ac01070,outputs\part_b\crops\train\ac01070.png,9760
ac00905,outputs\part_b\crops\train\ac00905.png,340476
ac00772,outputs\part_b\crops\train\ac00772.png,5000
ac01783,outputs\part_b\crops\train\ac01783.png,970
ac01386,outputs\part_b\crops\train\ac01386.png,1000
ac01663,outputs\part_b\crops\train\ac01663.png,2924
ac00646,outputs\part_b\crops\train\ac00646.png,10000
ac01471,outputs\part_b\crops\train\ac01471.png,11700
ac00419,outputs\part_b\crops\train\ac00419.png,1980
ac01423,outputs\part_b\crops\train\ac01423.png,12070
ac01751,outputs\part_b\crops\train\ac01751.png,4240
ac01558,outputs\part_b\crops\train\ac01558.png,2350
ac01603,outputs\part_b\crops\train\ac01603.png,20000
ac00441,outputs\part_b\crops\train\ac00441.png,18000
ac00874,outputs\part_b\crops\train\ac00874.png,1710
ac01253,outputs\part_b\crops\train\ac01253.png,5927
ac01091,outputs\part_b\crops\train\ac01091.png,173000
ac01674,outputs\part_b\crops\train\ac01674.png,8000
ac00344,outputs\part_b\crops\train\ac00344.png,1815
ac01136,outputs\part_b\crops\train\ac01136.png,3110
ac00982,outputs\part_b\crops\train\ac00982.png,4500
ac01362,outputs\part_b\crops\train\ac01362.png,913
ac00265,outputs\part_b\crops\train\ac00265.png,500
ac00260,outputs\part_b\crops\train\ac00260.png,670
ac01580,outputs\part_b\crops\train\ac01580.png,1800
ac01101,outputs\part_b\crops\train\ac01101.png,2457
ac01569,outputs\part_b\crops\train\ac01569.png,27682
ac00143,outputs\part_b\crops\train\ac00143.png,84525
ac01005,outputs\part_b\crops\train\ac01005.png,4675
ac01510,outputs\part_b\crops\train\ac01510.png,25000
ac00177,outputs\part_b\crops\train\ac00177.png,576
ac01746,outputs\part_b\crops\train\ac01746.png,15000
ac01684,outputs\part_b\crops\train\ac01684.png,16080
ac00501,outputs\part_b\crops\train\ac00501.png,2220
ac00120,outputs\part_b\crops\train\ac00120.png,14000
ac00498,outputs\part_b\crops\train\ac00498.png,25000
ac00637,outputs\part_b\crops\train\ac00637.png,2000
ac00751,outputs\part_b\crops\train\ac00751.png,2378
ac00232,outputs\part_b\crops\train\ac00232.png,1200
ac00039,outputs\part_b\crops\train\ac00039.png,3500
ac01010,outputs\part_b\crops\train\ac01010.png,14000
ac00671,outputs\part_b\crops\train\ac00671.png,7850
ac01237,outputs\part_b\crops\train\ac01237.png,400000
ac00001,outputs\part_b\crops\train\ac00001.png,1350
ac01097,outputs\part_b\crops\train\ac01097.png,3500
ac01115,outputs\part_b\crops\train\ac01115.png,33280
ac00335,outputs\part_b\crops\train\ac00335.png,1261
ac01573,outputs\part_b\crops\train\ac01573.png,980
ac00773,outputs\part_b\crops\train\ac00773.png,1700
ac01653,outputs\part_b\crops\train\ac01653.png,880
ac01785,outputs\part_b\crops\train\ac01785.png,10000
ac01711,outputs\part_b\crops\train\ac01711.png,20000
ac01615,outputs\part_b\crops\train\ac01615.png,3000000
ac01319,outputs\part_b\crops\train\ac01319.png,550
ac00619,outputs\part_b\crops\train\ac00619.png,1061
ac01291,outputs\part_b\crops\train\ac01291.png,16901
ac00220,outputs\part_b\crops\train\ac00220.png,428750
ac01049,outputs\part_b\crops\train\ac01049.png,1450
ac00373,outputs\part_b\crops\train\ac00373.png,13618
ac01572,outputs\part_b\crops\train\ac01572.png,287171
ac01035,outputs\part_b\crops\train\ac01035.png,1500
ac00547,outputs\part_b\crops\train\ac00547.png,25000
ac01484,outputs\part_b\crops\train\ac01484.png,9028
ac01490,outputs\part_b\crops\train\ac01490.png,30000
ac00006,outputs\part_b\crops\train\ac00006.png,4000
ac00937,outputs\part_b\crops\train\ac00937.png,18007
ac00328,outputs\part_b\crops\train\ac00328.png,16750
ac00898,outputs\part_b\crops\train\ac00898.png,55336
ac00609,outputs\part_b\crops\train\ac00609.png,4700
ac01809,outputs\part_b\crops\train\ac01809.png,11492
ac01768,outputs\part_b\crops\train\ac01768.png,500
ac01323,outputs\part_b\crops\train\ac01323.png,1330
ac01586,outputs\part_b\crops\train\ac01586.png,99966
ac01716,outputs\part_b\crops\train\ac01716.png,1000
ac01549,outputs\part_b\crops\train\ac01549.png,2876
ac01110,outputs\part_b\crops\train\ac01110.png,4149
ac01407,outputs\part_b\crops\train\ac01407.png,483
ac00237,outputs\part_b\crops\train\ac00237.png,11500
ac01487,outputs\part_b\crops\train\ac01487.png,7140
ac01649,outputs\part_b\crops\train\ac01649.png,860
ac00023,outputs\part_b\crops\train\ac00023.png,5520
ac01144,outputs\part_b\crops\train\ac01144.png,2919
ac00522,outputs\part_b\crops\train\ac00522.png,20000
ac01094,outputs\part_b\crops\train\ac01094.png,800
ac00967,outputs\part_b\crops\train\ac00967.png,28680
ac01231,outputs\part_b\crops\train\ac01231.png,4300
ac00789,outputs\part_b\crops\train\ac00789.png,1395
ac00796,outputs\part_b\crops\train\ac00796.png,1450
ac00132,outputs\part_b\crops\train\ac00132.png,15629500
ac01232,outputs\part_b\crops\train\ac01232.png,30950
ac01795,outputs\part_b\crops\train\ac01795.png,26046
ac01404,outputs\part_b\crops\train\ac01404.png,6090
ac01634,outputs\part_b\crops\train\ac01634.png,33192
ac00332,outputs\part_b\crops\train\ac00332.png,18424
ac01296,outputs\part_b\crops\train\ac01296.png,11718
ac00317,outputs\part_b\crops\train\ac00317.png,1600
ac00227,outputs\part_b\crops\train\ac00227.png,3296
ac00098,outputs\part_b\crops\train\ac00098.png,5073
ac01559,outputs\part_b\crops\train\ac01559.png,20450
ac00188,outputs\part_b\crops\train\ac00188.png,6142
ac01020,outputs\part_b\crops\train\ac01020.png,1300
ac01053,outputs\part_b\crops\train\ac01053.png,2642
ac00287,outputs\part_b\crops\train\ac00287.png,24845
ac01698,outputs\part_b\crops\train\ac01698.png,15000
ac00749,outputs\part_b\crops\train\ac00749.png,643125
ac00825,outputs\part_b\crops\train\ac00825.png,20000
ac01206,outputs\part_b\crops\train\ac01206.png,632000
ac00885,outputs\part_b\crops\train\ac00885.png,1830
ac01208,outputs\part_b\crops\train\ac01208.png,6000
ac01541,outputs\part_b\crops\train\ac01541.png,2432
ac00546,outputs\part_b\crops\train\ac00546.png,10000
ac01114,outputs\part_b\crops\train\ac01114.png,191764
ac01786,outputs\part_b\crops\train\ac01786.png,50000
ac01537,outputs\part_b\crops\train\ac01537.png,1300
ac00513,outputs\part_b\crops\train\ac00513.png,14000
ac01803,outputs\part_b\crops\train\ac01803.png,57302
ac00550,outputs\part_b\crops\train\ac00550.png,990
ac00296,outputs\part_b\crops\train\ac00296.png,955
ac00947,outputs\part_b\crops\train\ac00947.png,2310
ac01327,outputs\part_b\crops\train\ac01327.png,1575
ac00818,outputs\part_b\crops\train\ac00818.png,5425
ac01032,outputs\part_b\crops\train\ac01032.png,6735
ac01353,outputs\part_b\crops\train\ac01353.png,3300
ac00443,outputs\part_b\crops\train\ac00443.png,100000
ac00652,outputs\part_b\crops\train\ac00652.png,9500
ac01481,outputs\part_b\crops\train\ac01481.png,9670
ac01172,outputs\part_b\crops\train\ac01172.png,14000
ac00440,outputs\part_b\crops\train\ac00440.png,6500
ac00137,outputs\part_b\crops\train\ac00137.png,920
ac00556,outputs\part_b\crops\train\ac00556.png,1500
ac00829,outputs\part_b\crops\train\ac00829.png,4800
ac00654,outputs\part_b\crops\train\ac00654.png,3380
ac01660,outputs\part_b\crops\train\ac01660.png,4931
ac01794,outputs\part_b\crops\train\ac01794.png,80000
ac00477,outputs\part_b\crops\train\ac00477.png,764
ac00116,outputs\part_b\crops\train\ac00116.png,23238
ac01601,outputs\part_b\crops\train\ac01601.png,313000
ac01585,outputs\part_b\crops\train\ac01585.png,336840
ac00672,outputs\part_b\crops\train\ac00672.png,4100
ac01413,outputs\part_b\crops\train\ac01413.png,100000
ac00457,outputs\part_b\crops\train\ac00457.png,1800
ac01151,outputs\part_b\crops\train\ac01151.png,10000
ac01420,outputs\part_b\crops\train\ac01420.png,613569
ac01321,outputs\part_b\crops\train\ac01321.png,360
ac00560,outputs\part_b\crops\train\ac00560.png,50000
ac00785,outputs\part_b\crops\train\ac00785.png,1300
ac00954,outputs\part_b\crops\train\ac00954.png,1323
ac00339,outputs\part_b\crops\train\ac00339.png,665520
ac01805,outputs\part_b\crops\train\ac01805.png,121017
ac01505,outputs\part_b\crops\train\ac01505.png,19000
ac01104,outputs\part_b\crops\train\ac01104.png,4950
ac00358,outputs\part_b\crops\train\ac00358.png,6102770
ac01311,outputs\part_b\crops\train\ac01311.png,10358
ac01258,outputs\part_b\crops\train\ac01258.png,5927
ac00148,outputs\part_b\crops\train\ac00148.png,1305
ac01338,outputs\part_b\crops\train\ac01338.png,69415
ac01410,outputs\part_b\crops\train\ac01410.png,867
ac01448,outputs\part_b\crops\train\ac01448.png,500
ac00554,outputs\part_b\crops\train\ac00554.png,670
ac01383,outputs\part_b\crops\train\ac01383.png,40000
ac00437,outputs\part_b\crops\train\ac00437.png,6152
ac00735,outputs\part_b\crops\train\ac00735.png,42500
ac00766,outputs\part_b\crops\train\ac00766.png,33333
ac00338,outputs\part_b\crops\train\ac00338.png,15000
ac00755,outputs\part_b\crops\train\ac00755.png,8922
ac01720,outputs\part_b\crops\train\ac01720.png,2125
ac01312,outputs\part_b\crops\train\ac01312.png,9454
ac00936,outputs\part_b\crops\train\ac00936.png,5944360
ac01767,outputs\part_b\crops\train\ac01767.png,1186
ac01760,outputs\part_b\crops\train\ac01760.png,780
ac00208,outputs\part_b\crops\train\ac00208.png,4050
ac01790,outputs\part_b\crops\train\ac01790.png,24000
ac00165,outputs\part_b\crops\train\ac00165.png,25000
ac00600,outputs\part_b\crops\train\ac00600.png,2960
ac01595,outputs\part_b\crops\train\ac01595.png,4380
ac00474,outputs\part_b\crops\train\ac00474.png,3331
ac01365,outputs\part_b\crops\train\ac01365.png,7098
ac00095,outputs\part_b\crops\train\ac00095.png,4607
ac00144,outputs\part_b\crops\train\ac00144.png,10000
ac01453,outputs\part_b\crops\train\ac01453.png,643125
ac00401,outputs\part_b\crops\train\ac00401.png,3000
ac01193,outputs\part_b\crops\train\ac01193.png,2000
ac00748,outputs\part_b\crops\train\ac00748.png,11500
ac01277,outputs\part_b\crops\train\ac01277.png,23900
ac01298,outputs\part_b\crops\train\ac01298.png,15000
ac01710,outputs\part_b\crops\train\ac01710.png,100000
ac00608,outputs\part_b\crops\train\ac00608.png,16981
ac01141,outputs\part_b\crops\train\ac01141.png,7332
ac00163,outputs\part_b\crops\train\ac00163.png,67297
ac00783,outputs\part_b\crops\train\ac00783.png,245138
ac00258,outputs\part_b\crops\train\ac00258.png,50000
ac01109,outputs\part_b\crops\train\ac01109.png,250000
ac00948,outputs\part_b\crops\train\ac00948.png,600
ac01506,outputs\part_b\crops\train\ac01506.png,37310
ac00090,outputs\part_b\crops\train\ac00090.png,8000
ac01664,outputs\part_b\crops\train\ac01664.png,902
ac00549,outputs\part_b\crops\train\ac00549.png,2890
ac01247,outputs\part_b\crops\train\ac01247.png,206000
ac00712,outputs\part_b\crops\train\ac00712.png,1600
ac01747,outputs\part_b\crops\train\ac01747.png,150000
ac00743,outputs\part_b\crops\train\ac00743.png,3000
ac00200,outputs\part_b\crops\train\ac00200.png,153
ac00786,outputs\part_b\crops\train\ac00786.png,1595
ac00191,outputs\part_b\crops\train\ac00191.png,2249
ac01801,outputs\part_b\crops\train\ac01801.png,14152
ac00697,outputs\part_b\crops\train\ac00697.png,428750
ac01575,outputs\part_b\crops\train\ac01575.png,2848
ac00448,outputs\part_b\crops\train\ac00448.png,850
ac00323,outputs\part_b\crops\train\ac00323.png,7101
ac01776,outputs\part_b\crops\train\ac01776.png,462
ac00704,outputs\part_b\crops\train\ac00704.png,5000
ac00873,outputs\part_b\crops\train\ac00873.png,3760
ac01440,outputs\part_b\crops\train\ac01440.png,72333
ac00331,outputs\part_b\crops\train\ac00331.png,5947478
ac01662,outputs\part_b\crops\train\ac01662.png,25000
ac01566,outputs\part_b\crops\train\ac01566.png,53064
ac00013,outputs\part_b\crops\train\ac00013.png,3000
ac01669,outputs\part_b\crops\train\ac01669.png,16000
ac00577,outputs\part_b\crops\train\ac00577.png,2942
ac01217,outputs\part_b\crops\train\ac01217.png,1466
ac00927,outputs\part_b\crops\train\ac00927.png,100000
ac00459,outputs\part_b\crops\train\ac00459.png,4230
ac00867,outputs\part_b\crops\train\ac00867.png,20000
ac01798,outputs\part_b\crops\train\ac01798.png,11103
ac01447,outputs\part_b\crops\train\ac01447.png,4992
ac01341,outputs\part_b\crops\train\ac01341.png,10000
ac01477,outputs\part_b\crops\train\ac01477.png,3000
ac00415,outputs\part_b\crops\train\ac00415.png,9720
ac01160,outputs\part_b\crops\train\ac01160.png,6800
ac00055,outputs\part_b\crops\train\ac00055.png,1562
ac01243,outputs\part_b\crops\train\ac01243.png,2043
ac01044,outputs\part_b\crops\train\ac01044.png,385875
ac00484,outputs\part_b\crops\train\ac00484.png,432250
ac00455,outputs\part_b\crops\train\ac00455.png,11669978
ac00193,outputs\part_b\crops\train\ac00193.png,35000
ac00062,outputs\part_b\crops\train\ac00062.png,5690
ac00066,outputs\part_b\crops\train\ac00066.png,43673
ac00872,outputs\part_b\crops\train\ac00872.png,10045
ac01220,outputs\part_b\crops\train\ac01220.png,2597
ac00180,outputs\part_b\crops\train\ac00180.png,1584
ac01127,outputs\part_b\crops\train\ac01127.png,1758
ac01528,outputs\part_b\crops\train\ac01528.png,4873
ac01396,outputs\part_b\crops\train\ac01396.png,1600
ac00211,outputs\part_b\crops\train\ac00211.png,81267
ac01520,outputs\part_b\crops\train\ac01520.png,6472
ac00289,outputs\part_b\crops\train\ac00289.png,30000
ac00465,outputs\part_b\crops\train\ac00465.png,3881
ac00509,outputs\part_b\crops\train\ac00509.png,4335
ac00571,outputs\part_b\crops\train\ac00571.png,230
ac01530,outputs\part_b\crops\train\ac01530.png,3985
ac00052,outputs\part_b\crops\train\ac00052.png,2950
ac00231,outputs\part_b\crops\train\ac00231.png,1300
ac01320,outputs\part_b\crops\train\ac01320.png,1810
