check_id,courtesy_true,courtesy_prediction,part_c_label_text,part_c_prediction_text,label_direct_value,label_edit_distance_value,label_edit_distance_split_value,prediction_direct_value,prediction_edit_distance_value,prediction_edit_distance_split_value
ac03000,10000,10000,عشر ه ا لا ف ر يا ل فقط لا غير,عشره الاف ريال فقط لا غير,10000,10000,10000,10000,10000,10000
ac03001,5000,500,خمسه ا لا ف ر يا ل فقط,خمس لاف ريال فقط,5000,5000,5000,5000,5000,5000
ac03003,5000,5000,خمسه ا لا ف ر يا ل لا غير,خمسه الاف ريال لا غير,5000,5000,5000,5000,5000,5000
ac03005,1733587,1733587,فقط سبعه عشر ه ا لفا و ثلا ثما يه و خمسه و ثلا ثو ن ر يا لا و سبعه و ثما نو ن هلل,فقط سبعه عشر الف وثاثماه ومسه وثاثون ريال وسون ريل لا غير,29,45,45,17000,17395,17395
ac03006,1000,1000,فقط ا لف ر يا ل لا غير,فقط الف ريال لا غير,1000,1000,1000,1000,1000,1000
ac03007,12000,12000,ا ثنا عشر ا لف ر يا ل فقط لا غير,اثن الف ريال قط لا غير,10000,12000,12000,1000,2000,2000
ac03008,450,450,فقط ا ر بعما يه و خمسو ن ر يا ل لا غير,فقط اربعمايه وخمسون ريال لا غير,,5,5,450,450,450
ac03014,2800,2800,فقط ا لفا ن و ثما نما يه ر يا ل لا غير,فقط الفان وثمانمايه ريال لا غير,2000,2008,2008,2800,2800,2800
ac03015,25000,25000,فقط خمسه و عشر و ن ا لف ر يا ل لا غير,فقط خمسه وعشرون الف ريال لا غير,15000,15000,15000,25000,25000,25000
ac03020,3605,3605,فقط ثلا ثه ا لا ف و ستما يه و خمسه ر يا ل لا غير,فقط ثلاثه الاف وستمايه وخمسه ريال لا غير,1005,1011,1011,3605,3605,3605
ac03021,2000,2000,ا لفا ن ر يا ل فقط لا غير,الف ريال فقط لا غير,2000,2000,2000,1000,1000,1000
ac03023,5000,5000,و قد ر ه خمسه ا لا ف ر يا ل لا غير,وقده خمسه الاف ريال لا غير,5000,5000,5000,5000,6000,6000
ac03025,1475,1475,ا لف و ا ر بعما يه و خمسه و سبعو ن ر يا ل لا غير,الف واربعمايه وخمسه وسبعون ريال لا غير,1005,1012,1012,1475,1475,1475
ac03027,95000,95000,فقط خمسه و تسعو ن ا لف ر يا ل لا غير,فقط خمسه وتسعون الف ريال لا غير,5000,14000,14000,95000,95000,95000
ac03035,500,500,فقط خمسما يه ر يا ل لا غير,فقط خمسمايه ريال لا غير,,5,5,500,500,500
ac03040,28000,28000,ثما نيه و عشر و ن ا لف ر يا ل لا غير,ثمانيه وعشرون الف ريال لا غير,10000,10800,10800,28000,28000,28000
ac03041,12500,12500,ا ثني عشر ا لف و خمسما يه ر يا ل لا غير,اثني عشر الف وخمسمايه ريال لا غير,10000,12005,12005,12500,12500,12500
ac03043,1500,7500,ا لف و خمسما يه ر يا ل لا غير,عشره وخمسمايه ريال لا غير,1000,1005,1005,510,510,510
ac03044,3000,3000,ثلا ثه ا لا ف ر يا ل فقط لا غير,ثلاثعه الاف ريال فقط لا غير,1000,1000,1000,1000,3000,3000
ac03045,300,300,فقط ثلا ثما يه ر يا ل,فقط ثلاثمايه ريال,,8,8,300,300,300
ac03046,3000,300,ثلا ثه ا لا ف ر يا ل فقط,ثلاثه الاف ريال فقط,1000,1000,1000,3000,3000,3000
ac03047,100000,10000,ما يه ا لف ر يا ل فقط,مايه الف ريال فقط,1000,1000,1000,1100,1100,1100
ac03048,1152,1152,فقط ا لف و ما يه و ا ثنا ن و خمسو ن ر يا ل لا غير,فقط الف ومايه واثنان وخمسون ريال لا غير,1000,1007,1007,1152,1152,1152
ac03049,516,516,خمسما يه و سته عشر ر يا ل لا غير,خمسمايه وسته عشر ريال لا غير,16,21,21,516,516,516
ac03057,6000,6000,سته ا لا ف ر يا ل سبعو د ي فقط لا غير ه,سته الاف ريال سعوقط لا غير,6000,6007,6007,6000,6000,6000
ac03059,3148,3148,فقط ثلا ثه ا لف و ما يه و ثما نيه و ا ر بعو ن ر يا ل لا غير,فقط ثلاثه الف ومايه وثمانيه واربعون ريال لا غير,1000,1800,1800,3148,3148,3148
ac03060,80000,80000,ثما نو ن ا لف ر يا ل فقط لا غير,ثمانون الف ريال فقط لا غير,1000,8000,8000,80000,80000,80000
ac03063,800,800,ثما نما يه ر يا ل لا غير,ثمانيمايه ريال لا غير,,8,8,,800,800
ac03065,39000,39000,تسعه و ثلا ثو ن ا لف ر يا ل لا غير,تسعه وثلاثون الف ريال لا غير,9000,9000,9000,39000,39000,39000
ac03066,4200,4200,فقط ا ر بعه ا لا ف و ما يتين ر يا ل لا غير,فقط اربعه الاف ومايتين ريال لاغي,1000,7060,7060,4200,4200,4200
ac03067,6860,6860,سته ا لف و ثما نما يه و ستو ن ر يا ل,سته الاف وثاثايه وستون ريال,6000,6014,6014,6060,6360,6360
ac03069,3080,3080,ثلا ثه ا لا ف و ثما نو ن ر يا لا,ثلاثه الاف وثمانون ريال,1000,1008,1008,3080,3080,3080
ac03071,200,200,فقط ما يتا ن ر يا ل لا غير,فقط ثمايان ريال لا غير,,,,,8,8
ac03072,596,596,فقط خمسما يه و سته و تسعو ن ر يا ل لا غير,فقط خمسمايه سته وتسعون ريال لا غير,6,20,20,596,596,596
ac03074,2000,2000,ا لفا ن ر يا ل فقط لا غير,الفان ريال فقط لا غير,2000,2000,2000,2000,2000,2000
ac03077,2646,2646,ا لفين و ستما يه و سته و ا ر بعو ن ر يا لا,الفين وستمايه وسته واربعون ريال,6,2012,2012,2646,2646,2646
ac03082,1000,1000,ا لف ر يا ل لا غير,الف ريال لا غير,1000,1000,1000,1000,1000,1000
ac03084,426516,426516,فقط ا ر بعما يه و سته و عشر و ن ا لف و خمسما يه و سته عشر ر يا لا,فقط اربعمايه وسته وعشرون الف وخمانيه وسته عشريال,16016,16021,16021,426006,426014,426014
ac03086,1000,1000,ا لف ر يا ل,سبعه الاف ريال,1000,1000,1000,7000,7000,7000
ac03087,1300,1300,ا لف ثلا ثما يه ر يا ل,الف وثلاث ريال,1000,1008,1008,1003,1003,1003
ac03088,750,750,سبعما يه و خمسو ن ر يا ل لا غير,سبعمايه وخمسون ريال لا غير,,12,12,750,750,750
ac03089,15000,15000,خمسه عشر ا لف ر يا ل فقط لا غير,خمسه عشر الف ريال فقط ير,15000,15000,15000,15000,15000,15000
ac03094,600000,600000,ستما يه ا لف ر يا ل فقط,سبمايه الف ريال فقط,1000,6000,6000,1000,600000,600000
ac03095,20000,20000,عشر و ن ا لف ر يا ل لا غير,عشرون الف ريال لا غير,10000,10000,10000,20000,20000,20000
ac03099,1600,1600,ا لف و ستما يه ر يا ل لا غير,الف وستمايه ريال لا غير,1000,1006,1006,1600,1600,1600
ac03100,12000,12000,ا ثنا عشر ا لف ر يا ل,اثنا عشر الف ريال,10000,12000,12000,12000,12000,12000
ac03101,1600,116000,فقط ا لف و ستما يه ر يا ل,فقط الف وسعمايه ريال,1000,1006,1006,1000,1900,1900
ac03102,3000,3000,فقط ثلا ثه ا لا ف ر يا ل لا غير,فقط ثلاثه الاف ريال لا غير,1000,1000,1000,3000,3000,3000
ac03103,14440,14440,ا ر بعه عشر ا لف و ا ر بعما يه و ا ر بعو ن ر يا ل,اربعه عشر الف واربعمايه واربعون ريال لا غير,10000,17000,17000,14440,14440,14440
ac03104,420,400,فقط ا ر بعما يه و عشر و ن ر يا لا لا غير,فقط اربعمايه وعشرون ريالا لا غير,10,10,10,420,420,420
ac03105,6334,6334,سته ا لا ف و ثلا ثما يه و ا ر بعه و ثلا ثو ن ر يا ل,سته الاف وثلاثمايه واربعه وثلاثون ريال لا غير,6000,6015,6015,6334,6334,6334
ac03106,5000,5000,خمسه ا لا ف ر يا ل فقط,خمسه الاف ريال فقط,5000,5000,5000,5000,5000,5000
ac03107,25000,25000,فقط خمسه و عشر و ن ا لف ر يا ل لا غير,فقط خمسه وعشرون الف ريال لا غير,15000,15000,15000,25000,25000,25000
ac03108,14000,14000,فقط ا ر بعه عشر ا لف ر يا ل لا غير,فقط اربعه عشر الف ريال لا غير,10000,17000,17000,14000,14000,14000
ac03109,14408,14408,ا ر بعه عشر ا لف و ا ر بعما يه و ثما نيه ر يا ل لا غير,اربعه عشر الف واربعمايه وثمانيه ريال لا غير,10000,17800,17800,14408,14408,14408
ac03112,570,570,خمسما يه و سبعو ن ر يا ل فقط,خمسمايه وسبعون ريال فقط,,12,12,570,570,570
ac03114,2750,2750,ا لفا ن و سبعما يه و خمسو ن ر يا ل لا غير,الفان وسبعمايه وخمسون ريال لا غير,2000,2012,2012,2750,2750,2750
ac03116,1425,1425,فقط ا لف و ا ر بعما يه خمسه و عشر و ن ر يا ل لا غير,اقد الف واربعمايه وعشرون ريال لا غير,1015,1015,1015,1420,1420,1420
ac03117,12750,12750,ا ثنا عشر ا لف و سبعما يه و خمسو ن ر يا ل,اثن عشر الف وسبعمايه وخمسون ريال,10000,12012,12012,10750,12750,12750
ac03120,300000,300000,ثلا ثما يه ا لف ر يا ل لا غير,ثلاثمايه الف ريال لا غير,1000,8000,8000,300000,300000,300000
ac03121,1800,1800,ا لف و ثما نما يه ر يا ل فقط لا غير,الف وثمانمايه ريال فقط لا غير,1000,1008,1008,1800,1800,1800
ac03122,5727,5727,خمسه ا لا ف و سبعما يه و سبعه و عشر و ن ر يا ل لا غير,خمسه الاف وسبعمايه وسبعه وعشرون ريال لا غير,5017,5024,5024,5727,5727,5727
ac03125,3000,3000,ثلا ثه ا لا ف ر يا ل لا غير,ثلاثه الاف ريال لا غير,1000,1000,1000,3000,3000,3000
ac03126,70000,70000,سبعو ن ا لف ر يا ل لا غير,سبعون الف ريال لا غير,1000,7000,7000,70000,70000,70000
ac03129,714,714,فقط سبعما يه و ا ر بعه عشر ر يا ل لا غير,فقط سبعمايه واربعه عشر ريال لا غير,10,24,24,714,714,714
ac03133,2450,2450,و قد ر ه ا لفا ن و ا ر بعما يه و خمسو ن ر يا ل لا غير,وقدره الفان واربعمايه وخمسون ريال لا غير,2000,2005,2005,2450,2450,2450
ac03134,20000,20000,فقط عشر و ن ا لف ر يا ل لا غير,خقعشرون الف ريال لا غير,10000,10000,10000,1000,20000,20000
ac03138,10000,10000,فقط عشر ه ا لا ف ر يا ل لا غير,فقط عشره الاف ريال لا غير,10000,10000,10000,10000,10000,10000
ac03142,8000,8000,ثما نيه ا لا ف ر يا ل فقط لا غير,ثمانيه الاف ريال فقط لا غير,1000,1800,1800,8000,8000,8000
ac03143,3844,3841,فقط ثلا ثه ا لا ف و ثما نما يه و ا ر بعه و ا ر بعو ن ر يا ل لا غير,فقطثلاثه الاف وثمانمايه واربعه واربعون ريال لا غير,1000,1015,1015,1844,3844,3844
ac03146,1000,1000,ا لف ر يا ل فقط لا غير,الف ريال فقط لا غير,1000,1000,1000,1000,1000,1000
ac03147,1187,1187,فقط ا لف و ما يه و سبعه و ثما نو ن ر يا ل,فقط الف وايه وسبعه وثمانون ريال,1007,1015,1015,1087,1187,1187
ac03148,3382,3382,فقط ثلا ثه ا لا ف و ثلا ثما يه و ا ثنا ن و ثما نو ن ر يا ل,فقط ثلاثه الاف وثلاثمايه واثنان وثمانون ريال,1000,1018,1018,3382,3382,3382
ac03149,900000,900000,فقط تسعما يه ا لف ر يا ل لا غير,فقط تسعمايه الف ريال لا غير,1000,9000,9000,900000,900000,900000
ac03150,1241,1241,فقط ا لف و ميتا ن و و ا حد و ا ر بعو ن ر يا ل لا غير,فقط الف وميتان واحد واربعون ريال لا غير,1000,1201,1201,1241,1241,1241
ac03153,7950,7950,سبعه ا لا ف و تسعما يه و خمسو ن ر يا ل لا غير,سبعه الاف وتسعمايه وخمسون ريال لا غير,7000,7014,7014,7950,7950,7950
ac03154,30000,30000,فقط ثلا ثو ن ا لف ر يا ل لا غير,فقط ثلاثون الف ريال لا غير,1000,1000,1000,30000,30000,30000
ac03159,3000,3000,ثلا ثه ا لا ف ر يا ل سبعو د ي لا غير,ثلاثه الاف ريال سعوري لاغير,1000,1007,1007,3000,3000,3000
ac03160,3450,3450,ثلا ثه ا لا ف و ا ر بعما يه و خمسو ن ر يا ل لا غير,ثلاثه الاف و اربعمايه وخمسون ريال لا غير,1000,1005,1005,3450,3450,3450
ac03162,35000,35000,فقط خمسه و ثلا ثو ن ا لف ر يا ل لا غير,فقط خمسه وثلاثون الف ريال لا غير,5000,5000,5000,35000,35000,35000
ac03163,1200,1200,ا لف و ما يتين ر يا ل فقط,الف ومايتن ريال فقط,1000,1060,1060,1000,1200,1200
ac03166,20000,20000,عشر و ن ا لف ر يا ل لا غير,عشرون الف ريال لا غير,10000,10000,10000,20000,20000,20000
ac03167,1315,1315,ا لف و ثلا ثما يه و خمسه عشر ر يا ل,الف وثلاثمايه وخمسه عشر ريال,1015,1023,1023,1315,1315,1315
ac03168,5000,5000,فقط خمسه ا لا ف ر يا ل سبعو د ي لا غير,فقط خمسه الاف ريال سعوريال لا غير,5000,5007,5007,5000,5000,5000
ac03170,100000,100000,فقط ما يه ا لف ر يا ل,فقط مايه الف ريال,1000,1000,1000,1100,1100,1100
ac03176,1200,1200,فقط ا لف و ما يتين ر يا ل لا غير,فقط الف وماين ريال لا غير,1000,1060,1060,1000,1008,1008
ac03184,300,300,فقط ثلا ثما يه ر يا ل سبعو د ي لا غير,فقط ثلاثمايه ريال سعولا غير,,15,15,300,300,300
ac03187,1400,1400,فقط ا لف و ا ر بعما يه ر يا ل لا غير,فقط الف واربعمايه ريال لا غير,1000,1000,1000,1400,1400,1400
ac03188,5500,5500,فقط خمسه ا لا ف و خمسما يه ر يا ل لا غير,فقط خمسه الاف وخمسمايه ريال لا غير,5000,5005,5005,5500,5500,5500
ac03189,9000,99000,تسعه ا لا ف ر يا ل فقط,تسعه الاف ريال فقط,9000,9000,9000,9000,9000,9000
ac03191,1100,1100,ا لف و ما يه ر يا ل لا غير,الف ومايه ريال لا غير,1000,1000,1000,1100,1100,1100
ac03195,900,900,تسعما يه ر يا ل لا غير,تسعمايه ريال لا غير,,9,9,900,900,900
ac03202,6500,66500,سته ا لا ف خمسما يه ر يا ل فقط لا غير,سته الاف وخمسمايه ريال فقط,6000,6005,6005,6500,6500,6500
ac03204,7095,795,سبعه ا لا ف و خمسه و تسعو ن ر يا ل لا غير,سبعه الاف وخمسه وتسعون ريال لا غير,7005,7014,7014,7095,7095,7095
ac03208,37000,437000,سبعه و ثلا ثو ن ا لف ر يا ل فقط لا غير,سبعه وثلاثون الف ريال قط لا غير,7000,7000,7000,37000,37000,37000
ac03209,30000,30000,ثلا ثو ن ا لف ر يا ل,ثلاثون الف ريال,1000,1000,1000,30000,30000,30000
ac03210,1000,1000,فقط ا لف ر يا ل لا غير,فقط الف ريال لا غير,1000,1000,1000,1000,1000,1000
ac03212,50000,50000,فقط خمسو ن ا لف ر يا ل لا غير,فقط خمسون الف ريال لا غير,1000,5000,5000,50000,50000,50000
ac03213,500,500,فقط خمسما يه ر يا ل لا غير,فقط خمسمايه ريال لا غير,,5,5,500,500,500
ac03214,2720,2720,فقط ا لفا ن و سبعما يه و عشر و ن ر يا ل لا غير,فقط الفان وستمايه وعشرون ريال لا غير,2010,2017,2017,2620,2620,2620
ac03215,14450,14450,ا ر بعه عشر ا لف و ا ر بعما يه و خمسو ن ر يا ل,اربعه عشر الف واربعمايه وخمسون ريال,10000,17005,17005,14450,14450,14450
ac03216,9250,9250,تسعه ا لا ف و ميتا ن و خمسو ن ر يا ل لا غير,تسعه الاف وميتان ومسون ريال لا غير,9000,9205,9205,9200,9250,9250
ac03218,32000,32000,ا ثنا ن و ثلا ثو ن ا لف ر يا ل فقط,اثنان وثلاثون الف ريال فقط,1000,2000,2000,32000,32000,32000
ac03219,80144,80144,ثما نو ن ا لف و ما يه و ا ر بعه و ا ر بعو ن ر يا ل فقط,ثمانون الف ومايه واربع واربعون ريال قط,1000,8007,8007,80144,80144,80144
ac03220,4080,4080,ا ر بعه ا لا ف و ثما نو ن ر يا ل لا غير,اربعه الاف وثمانون ريال لا غير,1000,7008,7008,4080,4080,4080
ac03222,6139,6139,سته ا لا ف و ما يه و تسعه و ثلا ثو ن ر يا ل,سته الاف ومايه وتسعه وثلاثون ريال,6009,6009,6009,6139,6139,6139
ac03225,9954,9954,تسعه ا لا ف و تسعما يه و ا ر بعه و خمسو ن ر يا ل لا غير,تسعه الاف وتسعمايه واربعه وخمسون ريال لا غير,9000,9021,9021,9954,9954,9954
ac03226,720,720,فقط سبعما يه و عشر و ن ر يا ل لا غير,فقط سبعماه وعشرون ريال لا غير,10,17,17,20,720,720
ac03227,300000,30000,فقط ثلا ثما يه ا لف ر يا ل لا غير,فقط ثلاثمايه الف ريال لا غير,1000,8000,8000,300000,300000,300000
ac03231,295,295,ما يتا ن و خمس و تسعو ن ر يا ل,مايتان وخمسيه وتسعون ريال,5,14,14,290,295,295
ac03232,4500,4500,ا ر بعه ا لا ف و خمسما يه ر يا ل لا غير,اربعه الاف وخمسمايه ريال لا غير,1000,7005,7005,4500,4500,4500
ac03233,15153,15153,خمسه عشر ه ا لف و ما يه و ثلا ثه و خمسو ن ر يا ل,خمسه عشر الف ومايه وثلاثه وخمسون ريال لا غير,15000,15005,15005,15153,15153,15153
ac03236,30000,30000,و قد ر ه ثلا ثو ن ا لف ر يا ل فقط,وقدرهثلاثون الف ريال فقط,1000,1000,1000,1000,1000,1000
ac03237,557,557,خمسما يه و سبعه و خمسو ن ر يا ل لا غير,خمسمايه وسبعه وخمسون ريال لا غير,7,17,17,557,557,557
ac03238,10000,1000,عشر ه ا لا ف ر يا ل فقط,عشره الاف ريال قط,10000,10000,10000,10000,10000,10000
ac03239,2500,2500,ا لفا ن و خمسما يه ر يا ل لا غير,الفان وخمسمايه ريال لا غير,2000,2005,2005,2500,2500,2500
ac03241,1035,1035,قد ر ه ا لف و خمسه و ثلا ثو ن ر يا ل,وقره الف وخمسه وثلاثون ريال,1005,1005,1005,1035,10035,10035
ac03243,2252,2252,فقط ا لفين و ما يتين و ا ثنين و خمسو ن ر يا ل لا غير,فقط لين ومايتين واثن وخمسون ريال لا غير,2,2067,2067,250,252,252
ac03244,10000,10000,و قد ر ه عشر ه ا لا ف ر يا ل فقط لا غير,وقدره عشره الاف ريال فقط لا غير,10000,10000,10000,10000,10000,10000
ac03245,2800,2800,ا لفا ن و ثما نما يه ر يا ل,الفا وثمانمايه ريال لا غير,2000,2008,2008,1800,1800,1800
ac03247,8910,8910,ثما نيه ا لف و تسعما يه و عشر ه ر يا ل فقط لا غير,ثمانيه الف وتسعمايه وعشره ريال فقط لا غير,1010,1819,1819,8910,8910,8910
ac03249,5000,5000,فقط خمسه ا لا ف ر يا ل لا غير,فقط خمسه الاف ريال لا غير,5000,5000,5000,5000,5000,5000
ac03250,2850,2850,فقط ا لفا ن و ثما نما يه و خمسو ن ر يا ل لا غير,فقط الفا وثمانمايه وخمسون ريال لا غير,2000,2013,2013,1850,1850,1850
ac03253,2805,2802,ا لفا ن و ثما نما يه و خمسه ر يا ل لا غير,الفن وثمانمايه وخمسه ريال لا غير,2005,2013,2013,805,1805,1805
ac03254,800,800,ثما نما يه ر يا ل لا غير,ثمانمايه ريال لا غير,,8,8,800,800,800
ac03255,5520,5520,خمسه ا لا ف و خمسما يه و عشر و ن ر يا ل لا غير,خمسه الاف وخمايه وعشرون ريال لا غير,5010,5015,5015,5020,5120,5120
ac03256,1000,1000,ا لف ر يا ل فقط,الف ال ثمان ريال,1000,1000,1000,1008,2008,2008
ac03257,5925,5925,فقط خمسه ا لا ف و تسعما يه و خمسه و عشر و ن ر يا ل,فقط خمسه الاف وتسعمايه وخمسه وعشرون ريال لا غير,5015,5024,5024,5925,5925,5925
ac03263,10000,10000,فقط عشر ه ا لف ر يا ل لا غير,فقط عشره الف ريال لا غير,10000,10000,10000,10000,10000,10000
ac03265,2500,2500,ا لفا ن و خمسما يه ر يا ل لا غير,الفان وخمسمايه ريال لا غير,2000,2005,2005,2500,2500,2500
ac03266,10000,10000,فقط عشر ه ا لا ف ر يا ل لا غير,فقط سه والافن ريال ف لا غير,10000,10000,10000,,1000,1000
ac03267,21099,21099,فقط و ا حد و عشر و ن ا لف و تسعه و تسعو ن ر يا ل لا غير,فقط احد وعشرون الف وتسعه وتسعون ريال لا غير,10009,11018,11018,21099,21099,21099
ac03268,15000,15000,فقط خمسه عشر ا لف ر يا ل لا غير,فقط خمسه عشر الف ريال لا غير,15000,15000,15000,15000,15000,15000
ac03269,9000,9000,فقط تسعه ا لا ف ر يا ل لا غير,فقط تسعه الاف ريال لا غير,9000,9000,9000,9000,9000,9000
ac03271,400000,400000,فقط ا ر بعما يه ا لف ر يا ل لا غير,فقط اربعمايه الف ريال لا غير,1000,1000,1000,400000,400000,400000
ac03272,1000,1000,فقط ا لف ر يا ل لا غير,فقط الف ريال لا غير,1000,1000,1000,1000,1000,1000
ac03273,7500,7500,سبعه ا لا ف و خمسما يه ر يا ل,سبعه الاف وخمسمايه ريال,7000,7005,7005,7500,7500,7500
ac03274,5000,5000,فقط خمسه ا لا ف ر يا لا لا غير,فقط خمسه الاف ريال لا غير,5000,5000,5000,5000,5000,5000
ac03275,4151,4151,فقط ا ر بعه ا لا ف و ما يه و ا حد و خمسو ن ر يا ل,فقط اربعه الاف ومايه واحد وخمسون ريال,1000,7006,7006,4151,4151,4151
ac03278,730,730,فقط سبعما يه و ثلا ثو ن ر يا ل لا غير,فقط سبعمايه وثلاثون ريال لا غير,,7,7,730,730,730
ac03279,3000,3100,فقط ثلا ثه ا لا ف لا غير,فقط ثلاثه الاف ي,1000,1000,1000,3000,3000,3000
ac03282,5145,5145,خمسه ا لا ف و ما يه و خمسه و ا ر بعو ن ر يا ل,خمسه الاف ومايه وخمسه واربعون ريال,5005,5005,5005,5145,5145,5145
ac03284,68820,68820,فقط ثما نيه و ستين ا لفا و ثما نما يه و عشر ين ر يا لا,فقط ثمانيه وستن الف وثمنمايه وعشرن ريال لا غير,70,878,878,8000,14810,14810
ac03285,600,600,فقط ستما يه ر يا ل لا غير,فقط ستمايه ريال لا غير,,6,6,600,600,600
ac03286,18100,18100,فقط ثما نيه عشر ا لف و ما يه ر يا ل لا غير,فقط ثمانيه عشرالف ومايه ريال لا غير,10000,10800,10800,800,800,18100
ac03288,2500,2500,فقط ا لفا ن و خمسما يه ر يا ل لا غير,فقط الفان وخمسمايه ريال لا غير,2000,2005,2005,2500,2500,2500
ac03289,11328,11328,ا حد عشر ا لف و ثلا ثما يه و ثما نيه و عشر و ن ر يا ل,احد عشر الف وثلاثمايه وثمانيه وعشرون ريالا غير,10010,12610,12610,11328,11328,11328
ac03290,40000,400000,فقط ا ر بعو ن ا لف ر يا ل لا غير,فقط اربعون الف ريال لا غير,1000,1000,1000,40000,40000,40000
ac03292,5145,5145,خمس ا لا ف و ما يه و خمس و ا ر بعين ر يا ل فقط,خمسه الاف ومايه وخمسه واربعون ريال فقط,5005,5075,5075,5145,5145,5145
ac03293,6000,6000,سته ا لا ف ر يا ل فقط,سته الاف ريال قط,6000,6000,6000,6000,6000,6000
ac03296,31400,31400,فقط و ا حد و ثلا ثو ن ا لف و ا ر بعما يه ر يا ل,فقط احد وثلاثون الف واربعمايه ريال لا غير,1000,1000,1000,31400,31400,31400
ac03297,15000,15000,خمسه عشر ا لف ر يا لا فقط لا غير,خمسه عشر الف ريال فقط لا غير,15000,15000,15000,15000,15000,15000
ac03298,30000,30000,فقط ثلا ثو ن ا لف ر يا ل لا غير,فقط ثلاثون الف ريال لا غير,1000,1000,1000,30000,30000,30000
ac03299,16000,16000,سته عشر ا لف ر يا ل فقط لا غير,سته عشر الف ريال فقط لا غير,16000,16000,16000,16000,16000,16000
ac03302,1900,6900,و قد ر ه ا لف و تسعما يه ر يا ل لا غير,وقدره الف وتسعمايه ريال لا غير,1000,1009,1009,1900,1900,1900
ac03304,187,187,ما يه و سبعه و ثما نو ن ر يا ل لا غير,مايه وسبعه وثمانون ريال لا غير,7,15,15,187,187,187
ac03308,2040,2040,ا لفين و ا ر بعو ن ر يا ل لا غير,الفين واربعون ريال لا غير,,2000,2000,2040,2040,2040
ac03311,6000,6000,فقط سته ا لا ف ر يا ل لا غير,فقط سته الاف ريال لا غير,6000,6000,6000,6000,6000,6000
ac03316,16643,16643,سته عشر ه ا لف و ستميه و ثلا ثه و ا ر بعو ن ر يا ل,سته وعشر الف و ستميه وثلاثه واربعون ريال,16000,16600,16600,16043,16643,16643
ac03318,10682,1682,عشر ه ا لا ف و ستما يه و ا ثنا ن و ثما نو ن ر يا لا,عشره الاف و ستمايه واثن وثمانون ريال,10000,10016,10016,10680,10682,10682
ac03321,100,100,ما يه ر يا ل سبعو د ي لا غير,مايه ريال سعوريلا غير,,7,7,100,100,100
ac03322,3300,3300,فقط ثلا ثه ا لا ف و ثلا ثما يه ر يا ل لا غير,فقط ثلاثه الاف وثلاثمايه ريال لا غير,1000,1008,1008,3300,3300,3300
ac03328,1514,1514,ا لف و خمسما يه و ا ر بعه عشر ر يا ل لا غير,فقف وخمسمايه واربعه عشر ريال لا غير,1010,1022,1022,514,514,514
ac03329,10000,10000,عشر ه ا لا ف ر يا ل لا غير,ععشره الاف ريال لا غير,10000,10000,10000,1000,10000,10000
ac03330,4000,4000,ا ر بعه ا لف ر يا ل فقط لا غير,اربعن الف ريال فقط لا غير,1000,7000,7000,1000,4000,4000
ac03331,400,400,ا ر بعما يه ر يا ل لا غير,اربعمايه ريال لا غير,,,,400,400,400
ac03333,2500,2500,فقط ا لفا ن و خمسما يه ر يا ل لا غير,فقط الفان وخمسمايه ريال لا غير,2000,2005,2005,2500,2500,2500
ac03334,3200,32000,ثلا ثه ا لا ف و ما يتين ر يا ل لا غير,ثلاثه الاف وماين ريال لا غير,1000,1060,1060,3000,3008,3008
ac03337,10000,10000,فقط عشر ه ا لف ر يا ل,فقط عشره الف ريال,10000,10000,10000,10000,10000,10000
ac03338,12000,12000,ا ثنا عشر ا لف ر يا ل فقط,ثنعشر الف ريال فقط لا غير,10000,12000,12000,1000,10000,10000
ac03341,500,500,خمسما يه ر يا ل فقط لا غير,خمسمايه ريال فقط لا غير,,5,5,500,500,500
ac03342,10000,10000,عشر ه ا لا ف ر يا ل,عون الاف ريال,10000,10000,10000,1000,1000,1000
ac03344,5000,5000,فقط خمسه ا لا ف ر يا ل لا غير,فقط خمسه الاف ريال لا غير,5000,5000,5000,5000,5000,5000
ac03348,500,500,خمسما يه ر يا ل فقط لا غير,خمسمايه ريال فقط,,5,5,500,500,500
ac03349,4895,4895,فقط ا ر بعه ا لا ف و ثما نما يه و خمسه و تسعو ن ر يا ل,فقط اربعه الاف وثمانمايه وخمسه وسبعون ريال,1005,7022,7022,4875,4875,4875
ac03350,1044,1044,ا لف و ا ر بعه و ا ر بعو ن ر يا ل لا غير,الف واربعه واربعون ريال لا غير,1000,1007,1007,1044,1044,1044
ac03351,10290,10290,فقط عشر ه ا لا ف و ميتا ن و تسعو ن ر يا ل لا غير,فقط عشره الاف وميتان وتسعون ريال لا غير,10000,10209,10209,10290,10290,10290
ac03354,10000,10000,عشر ه ا لا ف ر يا ل فقط لا غير,عشره الاف ريال فقط لا غير,10000,10000,10000,10000,10000,10000
ac03360,1175,1175,ا لف و ما يه و خمسه و سبعو ن ر يا ل,الف ومايته وخمسمايه وسبعون ريال,1005,1012,1012,1570,1670,1670
ac03361,3062,3062,فقط ثلا ثه ا لا ف و ا ثنا ن و ستو ن ر يا ل لا غير,فقط ثلاثه الاف واثنان وستون ريال لا غير,1000,1008,1008,3062,3062,3062
ac03366,3535,3535,ثلا ثه ا لا ف و خمسما يه و خمسه و ثلا ثو ن ر يا ل فقط,ثلاثه الاف وخمسمايه وخمسه وثلاثون ريال فقط,1005,1010,1010,3535,3535,3535
ac03367,4000,4000,فقط ا ر بعه ا لا ف ر يا ل لا غير,قط ل الط,1000,7000,7000,,1000,1000
ac03371,5145,5145,خمسه ا لا ف و ما يه و خمسه و ا ر بعو ن ر يا ل,خمسه الاف ومايه وخمسه واربعون ريال,5005,5005,5005,5145,5145,5145
ac03374,2800,2800,ا لفين ثما نما يه ر يا ل لا غير,الفيه وثانمانيه ريال لا غير,,2008,2008,,2008,2008
ac03378,24072,24072,ا ر بعه و عشر و ن ا لف و ا ثنا ن و سبعو ن ر يا ل فقط,اربعه وعشرون الف واثنان وسبعون ريال فقط,10000,17009,17009,24072,24072,24072
ac03379,5000,5000,فقط خمسه ا لا ف ر يا ل لا غير,فقط خمسه الاف ريال لا غير,5000,5000,5000,5000,5000,5000
ac03380,1100,1100,فقط ا لف و ما يه ر يا ل لا غير,فقط الف ومايه ريال لا غير,1000,1000,1000,1100,1100,1100
ac03381,10000,10000,فقط عشر ه ا لا ف ر يا ل لا غير,فقط عشره الاف ريال لا غير,10000,10000,10000,10000,10000,10000
ac03384,50000,50000,خمسو ن ا لف ر يا ل لا غير,خمسون الف ريال لا غير,1000,5000,5000,50000,50000,50000
ac03387,15000,15000,فقط خمسه عشر ا لف ر يا ل لا غير,فقط خمسه عشر الف ريال لا غير,15000,15000,15000,15000,15000,15000
ac03388,7000,7000,سبعه ا لف ر يا ل لا غير,سبعه الف ريال لا غير,7000,7000,7000,7000,7000,7000
ac03389,14000,14000,فقط ا ر بعه عشر ا لف ر يا ل لا غير,فقط اربعه عشر الف ريال لا غير,10000,17000,17000,14000,14000,14000
ac03392,6200,6200,سته ا لف و ميتا ن ر يا ل لا غير,سته الاف وميتان ريال لا غير,6000,6200,6200,6200,6200,6200
ac03393,5000,5000,و قد ر ه خمسه ا لا ف ر يا ل فقط لا غير,وقدرهخمسه الاف ريال فقط لا غير,5000,5000,5000,1000,1000,1000
ac03394,10000,40000,و قد ر ه عشر ه ا لا ف ر يا ل فقط لا غير,وقدره عشره الاف ريال فقط لا غير,10000,10000,10000,10000,10000,10000
ac03395,4000,4000,ا ر بعه ا لا ف ر يا ل لا غير,اربعه الاف ريال لا غير,1000,7000,7000,4000,4000,4000
ac03396,900,900,تسعما يه ر يا ل لا غير,تسعمايه ريال لا غير,,9,9,900,900,900
ac03398,3000,3000,ثلا ثه ا لا ف ر يا ل لا غير,ثلاثه الاف ريال لا غير,1000,1000,1000,3000,3000,3000
ac03400,1988,1988,ا لف و تسعما يه و ثما نيه و ثما نو ن ر يا ل,الف وتسعمايه وثمانيه وثمانون ريال,1000,2708,2708,1988,1988,1988
ac03401,2000,2000,ا لفي ر يا ل لا غير,الف ريال لا غير,,1000,1000,1000,1000,1000
ac03402,1000,1000,فقط ا لف ر يا ل لا غير,قالف ريال لا غير,1000,1000,1000,,1000,1000
ac03403,50000,500000,فقط خمسو ن ا لف ر يا ل سبعو د ي,فقط عه الف ريال لا غير,1000,5007,5007,1000,1000,1000
ac03404,1000,1000,ا لف ر يا ل فقط لا غير,الف ريال قط لا غير,1000,1000,1000,1000,1000,1000
ac03405,16500,16500,فقط سته عشر ا لف و خمسما يه ر يا ل لا غير,فقط سته عشر الف وخمسمايه ريال لا غير,16000,16005,16005,16500,16500,16500
ac03408,2560,2560,ا لفين و خمسما يه و ستو ن ر يا لا,الفين وخمسمايه وستون يل,,2011,2011,2560,2560,2560
ac03410,20160,20160,فقط ما يتا ن و و ا حد ر يا ل و ستو ن هلله لا غير,فقط مان واحد ريال وسو لهل لا غير,,7,7,1,9,9
ac03414,3000,3000,فقط ثلا ثه ا لا ف ر يا ل لا غير,فقط ثلاثه الاف ريال لا غير,1000,1000,1000,3000,3000,3000
ac03415,20000,20000,عشر و ن ا لف ر يا ل فقط لا غير,عشرون الف ريال فقط لا غير,10000,10000,10000,20000,20000,20000
ac03418,1500,1500,ا لف و خمسما يه ر يا ل لا غير,الف وخمسمايه ريال لا غير,1000,1005,1005,1500,1500,1500
ac03423,550,550,خمسما يه و خمسو ن ر يا ل,خمسمايه وخمسون ريال,,10,10,550,550,550
ac03426,13750,13750,ثلا ثه عشر ا لف و سبعما يه و خمسو ن ر يا ل لا غير,ثلاثه عشر الف وسبعمايه وخمسون ريال لا غير,10000,10012,10012,13750,13750,13750
ac03427,2500,2500,ا لفا ن و خمسما يه ر يا ل لا غير,الفان وخمسمايه ريال لا غير,2000,2005,2005,2500,2500,2500
ac03428,2800,2800,ا لفا ن و ثما ن ما يه ر يا ل سبعو د ي فقط لا غير,الفان وثمان مايه ريال عودقط لا غير,2008,2015,2015,2800,2800,2800
ac03430,7305,7305,فقط سبعه ا لا ف ثلا ثما يه و خمسه ر يا لا ت لا غير,فقط سبعه الاف ثلاثماه وخمسه ريال لا غير,7005,7013,7013,7005,7305,7305
ac03432,84000,84000,فقط ا ر بعه و ثما نو ن ا لف ر يا ل لا غير,فقط اربعه وثمانون الف ريال لا غير,1000,15000,15000,84000,84000,84000
ac03436,18300,18300,فقط ثما نيه عشر ا لفا و ثلا ث ميه ر يا ل لا غير,فقط ثمانيه عشر الف وثلاثيه ريال لا غير,1300,2100,2100,18000,18003,18003
ac03437,1240,1240,فقط ا لف و ميتا ن و ا ر بعو ن ر يا ل لا غير,فقط الف ومتان واربعون ريال لا غير,1000,1200,1200,1040,1048,1048
ac03438,19073,19073,فقط تسعه عشر ا لفا و ثلا ثه و سبعو ن ر يا لا لا غير,فقط تسعه عشر الف وثلاثه وسبعون ريالا لا غير,19,26,26,19073,19073,19073
ac03444,4607,4607,فقط ا ر بعه ا لا ف و ستما يه و سبعه ر يا ل لا غير,فقط اربعه الاف وستمايه وسبعه ريال لا غير,1007,7013,7013,4607,4607,4607
ac03445,87000,87000,سبعه و ثما نو ن ا لف ر يا ل فقط لا غير,سبعه وثمانون الف ريال فقط لا غير,7000,15000,15000,87000,87000,87000
ac03446,1850,1850,ا لف و ثما نما يه و خمسو ن ر يا ل فقط,الف وثمانمايه وخمسون ريال فقط,1000,1013,1013,1850,1850,1850
ac03448,1000,1000,و قد ر ه ا لف ر يا ل لا غير,وقدره الف ريال لا غير,1000,1000,1000,1000,1000,1000
ac03449,20000,20000,فقط عشر و ن ا لف ر يا ل لا غير,فقط عشرون الف ريال لا غير,10000,10000,10000,20000,20000,20000
ac03450,21000,21000,فقط و ا حد و عشر و ن ا لف ر يا ل لا غير,فقط واحد وعشرون الف ريال لا غير,10000,11000,11000,21000,21000,21000
ac03451,2779,2779,ا لفا ن و سبعما يه و تسعه و سبعو ن ر يا ل لا غير,الفان وسبعمايه وتسعه وسبعون ريال لا غير,2009,2023,2023,2779,2779,2779
ac03453,3910,390,فقط ثلا ثه ا لا ف و تسعما يه و عشر ه ر يا ل لا غير,فقط ثلاثه الاف و تسعمايه وعشر ريال لا غير,1010,1019,1019,3910,3910,3910
ac03454,2952,2952,فقط ا لفين و تسعما يه و ا ثنين و خمسين ر يا لا لا غير,فقط الفين وتسعمايه واثنين وخمسون ريال لا غير,52,2061,2061,2952,2952,2952
ac03455,24000,24000,ا ر بعه و عشر و ن ا لف ر يا ل لا غير,اربعه وعشون الف ريال لا غير,10000,17000,17000,4000,24000,24000
ac03458,1080,1080,ا لف و ثما نو ن ر يا ل لا غير,الف وثمانون ريال لا غير,1000,1008,1008,1080,1080,1080
ac03461,5600,5600,خمسه ا لف و ستما يه ر يا ل لا غير,خمسه الف وستمايه ريال لا غير,5000,5006,5006,5600,5600,5600
ac03463,15000,15000,فقط خمسه عشر ه ا لف ر يا ل لا غير,فقط خمسه عشر الف ريال لا غير,15000,15000,15000,15000,15000,15000
ac03464,70000,70000,سبعه ا لا ف ر يا ل لا غير,سبعه الاف ريال لا غير,7000,7000,7000,7000,7000,7000
ac03465,500000,500000,خمسما يه ا لف ر يا ل فقط لا غير,خمسمايه الف ريال فقط لا غير,1000,5000,5000,500000,500000,500000
ac03467,500000,500000,خمسما يه ا لف ر يا ل لا غير,خمسمايه الف ريال لا غير,1000,5000,5000,500000,500000,500000
ac03468,150000,150000,ما يه و خمسو ن ا لف ر يا ل فقط لا غير,مايه وخمسون الف ريال فقط لا غير,1000,5000,5000,50100,50100,50100
ac03469,2000,2000,ا لفا ن ر يا ل,الف فريال,2000,2000,2000,1000,1000,1000
ac03470,2000,2000,فقط ا لفين ر يا ل لا غير,فقط الفين ريال لا غير,,2000,2000,2000,2000,2000
ac03471,10000,10000,فقط عشر ه ا لا ف ر يا ل لا غير,فقط عشره الاف ريال لا غير,10000,10000,10000,10000,10000,10000
ac03474,3411,3416,فقط ثلا ثه ا لف و ا ر بعما يه و ا حد ي عشر ه ر يا ل,فقط ثلاثه الف واربعمايه واحد عشره ريال,1010,1011,1011,3411,3411,3411
ac03476,50000,50000,فقط خمسو ن ا لف ر يا ل لا غير,فقط خمسون الف ريال لا غير,1000,5000,5000,50000,50000,50000
ac03479,50000,50000,خمسو ن ا لف ر يا ل لا غير ه,خمسون الف ريال لا غير,1000,5000,5000,50000,50000,50000
ac03480,7500,7500,فقط سبعه ا لا ف و خمسما يه ر يا ل لا غير,فقط سبعه الاف وخمسمايه ريال لا غير,7000,7005,7005,7500,7500,7500
ac03481,1350,1350,فقط ا لف و ثلا ثما يه و خمسو ن ر يا لا,فقط الف وثلاثمايه وخمسون ريال لا غير,1000,1013,1013,1350,1350,1350
ac03483,4000,4000,ا ر بعه ا لا ف ر يا ل,اربعه الاف ريال,1000,7000,7000,4000,4000,4000
ac03484,1800,11800,ا لف و ثما نما يه ر يا ل فقط لا غير,الف وثمانمايه ريال فقط لا غير,1000,1008,1008,1800,1800,1800
ac03485,50000,50000,خمسو ن ا لف ر يا ل لا غير,خمسون الف ريال لا غير,1000,5000,5000,50000,50000,50000
ac03486,993,993,تسعما يه و ثلا ثه و تسعو ن ر يا ل لا غير,تسعمايه وثلاثه وتسعون ريال لا غير,,18,18,993,993,993
ac03487,500,500,خمسما يه ر يا ل فقط لا غير,خمسمايه ريالف فلا غير,,5,5,500,500,500
ac03488,280,280,ميتا ن و ثما نو ن ر يا ل فقط لا غير,ان وثمانون ريال فقط لا غير,,208,208,80,80,80
ac03489,3320,3320,فقط ثلا ثه ا لا ف و ثلا ثما يه و عشر و ن ر يا ل لا غير,فقط ثلاثه الاف وثلاثمايه وعشرون ريال لا غير,1010,1018,1018,3320,3320,3320
ac03490,500,500,خمسما يه ر يا ل فقط لا غير,خمسمايه ريال فقط لا غير,,5,5,500,500,500
ac03491,12000,12000,ا ثني عشر ا لف ر يا ل فقط لا غير,اثني عشر الف ريال فقط لا غير,10000,12000,12000,12000,12000,12000
ac03492,1080,1080,ا لف و ثما نو ن ر يا ل لا غير,الحف وان ريال لا غير,1000,1008,1008,,1000,1000
ac03493,2580,2580,فقط ا لفا ن و خمسما يه و ثما نو ن ر يا ل لا غير,فقط الفان وخمسمايه وثمانون ريال لا غير,2000,2013,2013,2580,2580,2580
ac03495,1125,1125,ا لف و ما يه و خمسه و عشر و ن ر يا ل لا غير,فقده ومايه وخمسه وعشرون ريال لا غير,1015,1015,1015,125,125,125
ac03496,2000,2000,ا لفا ن ر يا ل فقط لا غير,الفان ريال قط لا غير,2000,2000,2000,2000,2000,2000
ac03497,1771,1771,ا لف و سبعما يه و ا حد و سبعو ن ر يا ل لا غير,الف وسبعمايه واحد وسبعون ريال لا غير,1000,1015,1015,1771,1771,1771
ac03498,30000,30000,ثلا ثو ن ا لف ر يا ل فقط,ثلاثون الف ريال فقط,1000,1000,1000,30000,30000,30000
ac03500,50000,50000,خمسو ن ا لف ر يا لا لا غير,خمسون الف ريال لا غير,1000,5000,5000,50000,50000,50000
ac03501,3000,3000,ثلا ثه ا لا ف ر يا ل فقط,ثلاثه الاف ريال فقط,1000,1000,1000,3000,3000,3000
ac03503,2240,2240,ا لفا ن و ميتا ن و ا ر بعو ن ر يا لا فقط لا غير,الفان وثتان واربعون ريال فقطلا غير,2000,2200,2200,2040,50000,50000
ac03504,68000,68000,ثما نيه و ستو ن ا لف ر يا ل فقط لا غير,ثمانيه وستون الف ريال فقط لا غير,1000,6800,6800,68000,68000,68000
ac03505,2550,2550,فقط ا لفا ن و خمسما يه و خمسو ن ر يا ل لا غير,فقط الفان وخمسمايه وخمسون ريال لا غير,2000,2010,2010,2550,2550,2550
ac03509,10000,10000,عشر ه ا لا ف ر يا ل فقط لا غير,عشره الاف ريال فقط لا غير,10000,10000,10000,10000,10000,10000
ac03510,60000,60000,فقط ستو ن ا لف ر يا ل لا غير,فقط سون الاف ريال لا غير,1000,6000,6000,1000,60000,60000
ac03511,15000,15000,فقط خمسه عشر ا لف ر يا ل لا غير,فقط خمسه عشر الف ريال لا غير,15000,15000,15000,15000,15000,15000
ac03512,31680,31680,فقط و ا حد و ثلا ثو ن ا لفا و ستما يه و ثما نو ن ر يا لا لا غير,فقط واحد ثلاثون الفا وستاه وثمانون ريالا لا غير,,15,15,31080,31086,31086
ac03513,5096,5096,خمسه ا لا ف و سته و تسعو ن ر يا ل لا غير,خمسه الاف وسته وسبعون ريال لا غير,5006,5015,5015,5076,5076,5076
ac03514,40000,40000,فقط ا ر بعو ن ا لف ر يا ل لا غير,فقط اربعون الف ريال لا غير,1000,1000,1000,40000,40000,40000
ac03517,4514,4514,فقط ا ر بعه ا لا ف و خمسما يه و ا ر بعه عشر ه ر يا ل لا غير,فقط اربعه الاف وخمسمايه واربعه عشر ريال لا غير,1010,7022,7022,4514,4514,4514
ac03518,500000,500000,فقط خمسما يه ا لف ر يا ل لا غير,فقط خمسايه الف ريال لا غير,1000,5000,5000,1000,500000,500000
ac03519,10000,10000,فقط عشر ه ا لف ر يا ل لا غير ه,فقط عشره الف ريال لا غير,10000,10000,10000,10000,10000,10000
ac03520,10000,10000,فقط عشر ه ا لف ر يا ل لا غير ه,فقط عشره الف ريال لا غير,10000,10000,10000,10000,10000,10000
ac03521,10000,10000,فقط عشر ه ا لف ر يا ل لا غير ه,فقط عشره الف ريال لا غير,10000,10000,10000,10000,10000,10000
ac03528,2574,2574,ا لفا ن و خمسما يه و ا ر بع و سبعو ن ر يا لا لا غير,الفان وخمسمايه واربع وسبعون ريالا لا غير,2000,2019,2019,2574,2574,2574
ac03529,5200,5200,خمسه ا لا ف و ما يتا ر يا ل,خمسه الاف وماين ريال,5000,5000,5000,5000,5008,5008
ac03530,2850,2850,ا لفين و ثما نما يه و خمسو ن ر يا ل لا غير,الفين وثمانمايه وخمسون ريال لا غير,,2013,2013,2850,2850,2850
ac03532,24000,24000,فقط ا ر بعه و عشر و ن ا لف ر يا ل لا غير,فقط اربعه وعشرون الف ريال لا غير,10000,17000,17000,24000,24000,24000
ac03534,10000,10000,و قد ر ه عشر ه ا لا ف ر يا ل فقط لا غير,وقدره عشره الاف ريال فقط لا غير,10000,10000,10000,10000,10000,10000
ac03535,24000,24000,فقط ا ر بعه و عشر و ن ا لف ر يا ل لا غير,فقط اربعه وعشرون الف ريال لا غير,10000,17000,17000,24000,24000,24000
ac03536,24000,24000,فقط ا ر بعه و عشر و ن ا لف ر يا ل لا غير,فقط اربعه وعشرون الف ريال لا غير,10000,17000,17000,24000,24000,24000
ac03537,10000,10000,عشر ه ا لا ف ر يا ل لا غير,عشره الاف ريال لا غير,10000,10000,10000,10000,10000,10000
ac03542,2010,2010,فقط ا لفا ن و عشر ه ر يا لا لا غير,فقط الفان وعشره ريال لا غير,2010,2010,2010,2010,2010,2010
ac03543,8500,8500,و قد ر ه ثما نيه ا لا ف و خمسما يه ر يا ل لا غير,وقدرثمانيه الاف وخمسمايه ريال لا غير,1000,1805,1805,1500,1500,1500
ac03544,3000,3000,ثلا ثه ا لا ف ر يا ل,ثلاثه لاون ريال,1000,1000,1000,3,3,3
ac03545,20000,20000,فقط عشر و ن ا لف ر يا ل لا غير,فقط عشرون الف ريال لا غير,10000,10000,10000,20000,20000,20000
ac03548,5145,5145,خمسه ا لا ف و ما يه و خمسه و ا ر بعو ن ر يا ل,خمسه الاف ومايه وخمسه واربعون ريال,5005,5005,5005,5145,5145,5145
ac03550,53300,53300,فقط ثلا ثه و خمسو ن ا لف و ثلا ثما يه ر يا ل لا غير,فقط ثلاثه وخمسون الف وثلاثمايه ريال لا غير,1000,5008,5008,53300,53300,53300
ac03551,600,600,ستما يه ر يا ل فقط لا غير,ستمايه ريال فقط لا غير,,6,6,600,600,600
ac03552,15800,15800,فقط خمسه عشر ا لفا و ثما ن ما يه ر يا ل لا غير,فقط خمسه عشر الف وثمانومايه ريال لا غير,23,23,23,15000,15800,15800
ac03553,27900,27900,سبعه و عشر و ن ا لف و تسعما يه ر يا لا,سبعه وعشرون الف وتسعمايه ريالا لا غير,17000,17009,17009,27900,27900,27900
ac03560,1100,1100,فقط ا لف و ما يه ر يا ل لا غير,فقط الف ومايه ريال لا غير,1000,1000,1000,1100,1100,1100
ac03561,3600,3600,ثلا ثه ا لا ف و ستما يه ر يا ل لا غير,ثلاثه الاف وستمايه ريال لا غير,1000,1006,1006,3600,3600,3600
ac03562,25000,350000,فقط خمسه و عشر و ن ا لف ر يا ل لا غير,فقط خمسه و عشرون لاف ريال لا غير,15000,15000,15000,25000,25000,25000
ac03563,10000,10000,فقط عشر ه ا لف ر يا ل لا غير ه,فقط عشره الف ريال لا غير,10000,10000,10000,10000,10000,10000
ac03564,50000,50000,فقط خمسو ن ا لف ر يا ل لا غير,فقط خمسون لع سا لا غير,1000,5000,5000,50,56,56
ac03569,600,600,ستما يه ر يا ل لا غير,ستمايه ريال لا غير,,6,6,600,600,600
ac03570,10000,10000,عشر ه ا لا ف ر يا ل لا غير,عشره الاف ريال لا غير,10000,10000,10000,10000,10000,10000
ac03571,1150,1150,ا لف و ما يه و خمسو ن ر يا ل لا غير,الف ومايه وخمسون ريال لا غير,1000,1005,1005,1150,1150,1150
ac03573,3914,3914,ثلا ثه ا لا ف و تسعما يه و ا ر بعه عشر ه ر يا ل,ثلاثه الاف وسعمايه واربع عشره ريال,1010,1026,1026,3014,3914,3914
ac03575,2000,2000,ا لفا ن ر يا ل لا غير,الف رياللا غير,2000,2000,2000,1000,1000,1000
ac03576,3894,3894,فقط ثلا ثه ا لا ف و ثما نما يه و ا ر بعه و تسعو ن ر يا لا لا غير,فقط ثلثه الاف وثمانمايه واربعه وتسعون ريال لا غير,1000,1024,1024,1894,3894,3894
ac03578,4899,4896,فقط ا ر بعه ا لا ف و ثما نما يه و تسعه و تسعو ن ر يا ل,فقط اربعه الاف وثمانمايه وتسعه وتسعون ريال لا غير,1009,7026,7026,4899,4899,4899
ac03579,2000,2000,ا لفا ن ر يا ل لا غير,الفن ريال لا غير,2000,2000,2000,,1000,1000
ac03580,12500,12500,ا ثنا عشر ه ا لف و خمسما يه ر يا ل لا غير,اثنا عشر الف وخمسمايه ريال لا غير,10000,12005,12005,12500,12500,12500
ac03582,1574,1574,ا لف و خمسما يه ا ر بعه و سبعو ن ر يا ل لا غير,الف وخمسمايه اربعه وسبعون ريال لا غير,1000,1019,1019,1574,1574,1574
ac03583,4034,4034,ا ر بعه ا لا ف و ا ر بعه و ثلا ثو ن ر يا ل لا غير,اربعه الاف واربعه وثلاثون ريال لا غير,1000,7007,7007,4034,4034,4034
ac03585,80000,80000,ثما نين ا لف ر يا ل فقط,ثمانييه الف ريال فقط,1000,10000,10000,1000,8000,8000
ac03588,5000,5000,خمسه ا لا ف ر يا ل لا غير,خمسه الاف ريال لا غير,5000,5000,5000,5000,5000,5000
ac03593,1867,1867,فقط ا لف و ثما نما يه و سبعه و ستو ن ر يا ل لا غير,فقط الف وثمانمايه وسبعه وستون ريال لا غير,1007,1021,1021,1867,1867,1867
ac03598,15000,15000,خمسه عشر ا لف ر يا ل فقط,خمسه عشر الف ريال فقط,15000,15000,15000,15000,15000,15000
ac03600,10000,20000,و قد ر ه عشر ه ا لا ف ر يا ل فقط لا غير,وقدره عشره الاف ريال فقط لا غير,10000,10000,10000,10000,10000,10000
ac03602,1000,1000,فقط ا لف ر يا ل لا غير,فقط الف ريال لا غير,1000,1000,1000,1000,1000,1000
ac03605,1500,1500,ا لف و خمسما يه ر يا ل لا غير,الف وخمسمايه ريال لا غير,1000,1005,1005,1500,1500,1500
ac03606,14232,14232,ا ر بعه عشر ا لف و ميتا ن و ا ثنا ن و ثلا ثو ن ر يا لا,فقط اربعه عشر الف ومان واثنان وثلاثون ريال لا غير,10000,17202,17202,14032,14040,14040
ac03607,5050,5050,خمسه ا لا ف و خمسو ن ر يا ل لا غير,خمسه الاف وخمسون ريال لا غير,5000,5005,5005,5050,5050,5050
ac03613,3000,3000,ثلا ثه ا لف ر يا ل فقط,ثلاثه الف ريال فقطا,1000,1000,1000,3000,3000,3000
ac03614,400000,400000,فقط ا ر بعما يه ا لف ر يا ل لا غير,فقط ربعمايه الف ريال لا غير,1000,1000,1000,1000,700000,700000
ac03615,318000,318000,فقط ثلا ثما يه و ثما نيه عشر ا لف ر يا ل لا غير,فقط ثلاثمايه وثمانيه عشر الف ريال لا غير,10000,11600,11600,318000,318000,318000
ac03616,4000,4000,ا ر بعه ا لا ف ر يا ل لا غير,اربعه الاف ريال لا غير,1000,7000,7000,4000,4000,4000
ac03620,848,848,فقط ثما نما يه ثما نيه و ا ر بعو ن ر يا ل لا غير,فقط ثمانمايه مايه واربعن ريال لا غير,,1600,1600,80000,80004,80004
ac03622,2550,2550,فقط ا لفين و خمسما يه و خمسو ن ر يا ل لا غير,فقط الفين وخمسمايه وخمسون ريال لا غير,,2010,2010,2550,2550,2550
ac03623,12000,12000,فقط ا ثني عشر ه ا لف ر يا ل لا غير,فقط اثنين عشره الف ريال لا غير,10000,12000,12000,12000,12000,12000
ac03626,30000,30000,فقط ثلا ثو ن ا لف ر يا ل لا غير,فقط ثلاثون الف ريال لا غير,1000,1000,1000,30000,30000,30000
ac03628,10000,10000,فقط عشر ه ا لف ر يا ل لا غير ه,فقط عشره الف ريال لا غير,10000,10000,10000,10000,10000,10000
ac03629,1500,1500,فقط ا لف و خمسما يه ر يا ل لا غير,فقط الف وخمسمايه ريال غير,1000,1005,1005,1500,1500,1500
ac03631,2000,2000,و قد ر ه ا لفين ر يا ل لا غير,وقدرهتسعين ريال لا غير,,2000,2000,,,
ac03633,68850,68850,فقط ثما نيه و ستو ن ا لفا و ثما نما يه و خمسو ن ر يا لا لا غير,فقط ثمانيه وستون الف وثمانمايه وسون ريالا لا غير,,819,819,68800,68860,68860
ac03635,100000,100000,فقط ما يه ا لف ر يا ل لا غير,فقط مانيه الف ريال لا غير,1000,1000,1000,1000,1100,1100
ac03638,6167,6167,سته ا لا ف و ما يه و سبعه و ستو ن ر يا ل,سته الاف ومايه وسبعه وستون ريال,6007,6013,6013,6167,6167,6167
ac03639,2000,2000,فقط ا لفا ن ر يا ل لا غير,فقط الفريال لا غير,2000,2000,2000,,1000,1000
ac03641,1667,1667,فقط ا لف و ستما يه و سبعه و ستو ن ر يا ل لا غير,فقط الف وستمايه وسبعه وستون ريال لا غير,1007,1019,1019,1667,1667,1667
ac03643,40000,40000,فقط ا ر بعو ن ا لف ر يا ل لا غير,فقط اربعون الف ريال لا غير,1000,1000,1000,40000,40000,40000
ac03644,70000,70000,سبعو ن ا لف ر يا ل لا غير ه,سبعون الف ريال لا غير,1000,7000,7000,70000,70000,70000
ac03646,140000,140000,فقط ما يه و ا ر بعو ن ا لف ر يا ل سبعو د ي لا غير ه,فقط مايه واربعون الف ريال لا غير,1000,1007,1007,40100,40100,40100
ac03647,100000,100000,ما يه ا لف ر يا ل لا غير,مايه الف ريال لا غير,1000,1000,1000,1100,1100,1100
ac03648,2000,2000,ا لفين ر يا ل فقط لا غير,الفين ريال فقط لا غير,,2000,2000,2000,2000,2000
ac03650,10000,10000,و قد ر ه عشر ه ا لا ف ر يا ل فقط لا غير,وقدرهعشره الاف ريال فقط لا غير,10000,10000,10000,1000,1000,1000
ac03652,1000,1000,ا لف ر يا ل فقط,الف ريال و سع ال,1000,1000,1000,1000,7000,7000
ac03653,2500,2500,فقط ا لفا ن و خمسما يه ر يا ل لا غير,فقط الفان وخمسمايه ريال لا غير,2000,2005,2005,2500,2500,2500
ac03660,22812,2814,فقط ا ثنا ن و عشر و ن ا لف و ثما نما يه و ا ثنا عشر ه ر يا ل لا غير,فقط اثنان وعشرون ال وثمانمايه واثنا عشرن ريال لا غير,10010,12020,12020,824,22812,22812
ac03664,9798,9798,تسعه ا لا ف و سبعما يه و ثما نيه و تسعو ن ر يا لا,تسعه الاف وسبعمايه وثمانيه وتسعون ريال فقط,9000,10509,10509,9798,9798,9798
ac03665,22400,22400,فقط ا ثنين و عشر ين ا لف و ا ر بعما يه ر يا ل لا غير ه,فقط اثنين وعشرن الف واربعمايه ريال لا غير,12000,12000,12000,2400,12400,12400
ac03669,5000,5000,فقط خمسه ا لف ر يا ل لا غير,فقط خمسه الف ريال لا غير,5000,5000,5000,5000,5000,5000
ac03673,3000,3000,فقط ثلا ثه ا لا ف ر يا ل لا غير,فقط ثلاثه الاف ريال لا غير,1000,1000,1000,3000,3000,3000
ac03674,11250,11550,ا حد عشر ه ا لفا و ما يتا ن و خمسو ن ر يا لا,احد عشره الفا و مايتان و سعون ريال,10,16,16,11200,11260,11260
ac03675,121200,121200,ما يه و و ا حد و عشر و ن ا لف و ما يتين ر يا ل لا غير,مايه واحدع وعشرون الف ومايتين ريال لا غير,10000,11060,11060,20300,21300,21300
ac03676,34000,34000,ا ر بعه و ثلا ثو ن ا لف ر يا ل لا غير,اربعه وثلاثون الف ريال لا غير,1000,7000,7000,34000,34000,34000
ac03677,2000,2000,ا لفا ن ر يا ل لا غير,الفان ريال لا غير,2000,2000,2000,2000,2000,2000
ac03679,2000,2000,ا لفا ن ر يا ل لا غير,الفان ريال لا غير,2000,2000,2000,2000,2000,2000
ac03680,3000,3000,ثلا ثه ا لا ف ر يا ل فقط لا غير,ثلاثه الاف ريال فقط لا غير,1000,1000,1000,3000,3000,3000
ac03681,4800,4800,ا ر بعه ا لف و ثما نما يه ر يا ل لا غير ه,اربعه الف وثمانمايه ريال لا غير,1000,7008,7008,4800,4800,4800
ac03684,250000,25000,فقط خمسه و عشر و ن ا لف ر يا ل لا غير,فقط خمسه عشرون الف ريال لا غير,15000,15000,15000,25000,25000,25000
ac03688,959,959,تسعما يه و تسعه و خمسو ن ر يا ل,تسعمايه وتسعه وخمسون ريال,9,23,23,959,959,959
ac03689,5000,5000,خمسه ا لا ف ر يا ل فقط لا غير,خمسه الاف ريال قط ا,5000,5000,5000,5000,5000,5000
ac03692,100000,100000,ما يه ا لف ر يا ل فقط لا غير,ثمانيه الف ريال فقط لا غير,1000,1000,1000,8000,8000,8000
ac03693,30000,3000,ثلا ثو ن ا لف ر يا ل فقط لا غير,ثلاثون الف ريال فقط لا غير,1000,1000,1000,30000,30000,30000
ac03697,23809,3809,ثلا ثه و عشر و ن ا لف و ثما نما يه و تسعه ر يا لا,ثلاثه وعشرون الف وثمانمايه وسع ريال,10009,10017,10017,23800,23809,23809
ac03700,775,775,سبعما يه و خمسه و سبعو ن ر يا لا فقط,سبعمايه وخمسه وسبعون ريال فقط,5,19,19,775,775,775
ac03701,1100,1100,فقط ا لف و ما يه ر يا ل لا غير,فقط الف ومايه ريال لا غير,1000,1000,1000,1100,1100,1100
ac03706,4665,4665,ا ر بع ا لف سته ما يه و خمسه ستو ن ر يا ل لا غير,اربعه الف وسته مايه وخمسه تون ريال لا غير,1011,7017,7017,4605,4665,4665
ac03707,10000,10000,عشر ه ا لا ف ر يا ل لا غير,عشره الاف ريال لا غير,10000,10000,10000,10000,10000,10000
ac03709,6218,6218,فقط سته ا لا ف و ما يتا ن و ثما نيه عشر ر يا ل لا غير,فقط سته الاف ومايتان وثمانه عشر ريال لا غير,6010,6810,6810,6210,6218,6218
ac03710,2480,2480,ا لفا ن و ا ر بعما يه و ثما نو ن ر يا ل فقط لا غير,اثفان واربعمايه وثمانون ريال فقط لا غير,2000,2008,2008,480,482,482
ac03711,14154,14154,ا ر بعه عشر ا لف و ما يه و ا ر بعه و خمسو ن ر يا لا لا غير,اربعه عشر الف ومايه واربعه و سون ريال لا غير,10000,17012,17012,14104,14164,14164
ac03712,23090,23090,فقط ثلا ثه و عشر ين ا لف و تسعو ن ر يا ل,فقط ثلاثه وعشرون الف وسبعون ريال,10000,10009,10009,23070,23070,23070
ac03718,2000,2000,ا لفين ر يا ل لا غير,الفين ريال لا غير,,2000,2000,2000,2000,2000
ac03722,78560,78560,فقط ثما نيه و سبعو ن ا لف و خمسما يه و ستو ن ر يا ل,قط ثمايه وستون الف وخمسمايه وستون ريال لا غير,1000,7811,7811,60560,60660,60660
ac03728,10000,10000,و قد ر ه عشر ه ا لا ف ر يا ل لا غير,وقدر عشر الاف ريالا غير,10000,10000,10000,10000,10000,10000
ac03729,3000,3000,ثلا ثه ا لا ف ر يا ل فقط,ثلاثه الاف ريال فقط,1000,1000,1000,3000,3000,3000
ac03730,1131,131,فقط ا لف و ما يه و و ا حد و ثلا ثو ن ر يا ل لا غير,فقط الف ومايه وحد وثلاثون ريال لا غير,1000,1001,1001,1130,1131,1131
ac03734,10000,10000,و قد ر ه عشر ه ا لا ف ر يا ل فقط لا غير,وقدره عشره الاف ريال فقط لا غير,10000,10000,10000,10000,10000,10000
ac03735,25000,25000,فقط خمسه و عشر و ن ا لف ر يا ل لا غير,فقط خمسه وعشرون الف ريال لا غير,15000,15000,15000,25000,25000,25000
ac03736,10000,10000,و قد ر ه عشر ه ا لا ف ر يا ل فقط لا غير,وقدره عشره الاف ريال فقط لا غير,10000,10000,10000,10000,10000,10000
ac03739,1900,1900,فقط و ا حد ا لف و تسعما يه ر يا ل لا غير,فقط اي ان وتسعمايه ريال لا غير,1000,1009,1009,900,900,900
ac03740,30000,30000,ثلا ثو ن ا لف ر يا ل لا غير,ثلاثون الف ريال لا غير,1000,1000,1000,30000,30000,30000
ac03741,200000,200000,فقط ميتا ا لف ر يا ل لا غير,فقط الف ريال لا غير,1000,200000,200000,1000,1000,1000
ac03743,1100,1100,ا لف و ما يه ر يا ل لا غير,الف ومايه ريال لا غير,1000,1000,1000,1100,1100,1100
ac03744,10000,10000,فقط عشر ه ا لف ر يا ل لا غير,فقط عشره الف ريال لا غير,10000,10000,10000,10000,10000,10000
ac03751,1630,1630,ا لف و ستما يه و ثلا ثو ن ر يا لا لا غير,الف وستمايه و ثاثون ريال لا غير,1000,1006,1006,1600,1630,1630
ac03753,25000,25000,خمسه و عشر و ن ا لف ر يا ل فقط,خمسه وعشرون الف ريال فقط,15000,15000,15000,25000,25000,25000
ac03755,1900,1900,ا لف و تسعما يه ر يا ل لا غير,الف وتمايه ريال لا غير,1000,1009,1009,1000,1600,1600
ac03756,2050,2050,فقط ا لفا ن و خمسو ن ر يا ل لا غير,فقط الفان وخمسون ريال لا غير,2000,2005,2005,2050,2050,2050
ac03757,4200,4200,ا ر بعه ا لا ف و ميتا ن ر يا ل فقط لا غير,اربعه الاف ومان ريال قط,1000,7200,7200,4000,4008,4008
ac03758,13600,13600,ثلا ثه عشر ا لف و ستما يه ر يا ل فقط,ثلاثه عشر الف وستمايه ريال فقط,10000,10006,10006,13600,13600,13600
ac03759,3650,3650,ثلا ثه ا لف و ستما يه خمسو ن ر يا ل,ثلاثه الف وستمايه وخمسون ريال,1000,1011,1011,3650,3650,3650
ac03762,2400,247,ا لفين و ا ر بعما يه ر يا ل لا غير,الفين واربعمايه ريال لا غير,,2000,2000,2400,2400,2400
ac03768,824,824,فقط ثما نما يه و ا ر بعه و عشر و ن ر يا ل لا غير,فقط ثمانمايه واربعه وعشرون ريال لا غير,10,25,25,824,824,824
ac03772,591,591,خمسما يه و و ا حد و تسعو ن ر يا ل لا غير,خمسمايه واحد وتسعون ريال لا غير,,15,15,591,591,591
ac03775,9453,9453,تسعه ا لا ف و ا ر بعما يه و ثلا ثه و خمسو ن ر يا ل لا غير,تسعه الاف واربعمايه وثلاثه وخمسون ريال,9000,9005,9005,9453,9453,9453
ac03776,680,680,ستما يه و ثما نو ن ر يا ل لا غير,ستمايه وثمانون ريال لا غير,,14,14,680,680,680
ac03778,15000,15000,فقط خمسه عشر ا لف ر يا ل لا غير,فقط خمسه عشر الف ريال لا غير,15000,15000,15000,15000,15000,15000
ac03779,4537,4537,فقط ا ر بعه ا لف و خمسما يه و سبعه و ثلا ثو ن ر يا ل,فقط اربعه الف وخمسمايه وسبعه وثلاثون ريال,1007,7012,7012,4537,4537,4537
ac03780,2500,2500,ا لفين و خمسما يه ر يا ل لا غير,الفين وخمسمايه ريال لا غير,,2005,2005,2500,2500,2500
ac03781,10700,6070,عشر ه ا لا ف و سبعما يه ر يا ل لا غير,عشره الاف وسبعمايه ريال لا غير,10000,10007,10007,10700,10700,10700
ac03785,450,450,ا ر بعما يه و خمسو ن ر يا ل فقط لا غير,اربعمايه وتسعون ريال فقط لا غير,,5,5,490,490,490
ac03787,2390,2390,ا لفا ن و ثلا ثما يه و تسعو ن ر يا ل لا غير,الف وثلاثمايه وتسعون ريال لا غير,2000,2017,2017,1390,1390,1390
ac03789,8000,8000,ثما نيه ا لا ف ر يا ل لا غير,ثمانه الاف ريال لا غير,1000,1800,1800,1000,8000,8000
ac03791,16000,16000,سته عشر ا لف ر يا لا فقط,سته عشر الف ريال فقط,16000,16000,16000,16000,16000,16000
ac03794,10382,10382,عشر ه ا لا ف و ثلا ثما يه و ا ثنين و ثما نو ن ر يا ل لا غير,عشره الاف وثلاثمايه واثنين وثمانون ريال لا غير,10002,10018,10018,10382,10382,10382
ac03795,1500,1500,فقط ا لف و خمسما يه ر يا ل لا غير,فقط الف وخمسمايه ريال لا غير,1000,1005,1005,1500,1500,1500
ac03796,3000,3000,فقط ثلا ثه ا لف ر يا ل لا غير,فقط ثلاثه الف ريال لا غير,1000,1000,1000,3000,3000,3000
ac03797,108600,10600,فقط ما يه و ثما نيه ا لا ف و ستما يه ر يا ل لا غير,فقط مايه وثمانه الاف و ستمايه ريال لا غير,1000,1806,1806,1700,8700,8700
ac03799,180000,180000,ما يه و ثما نو ن ا لف ر يا ل لا غير,مايه وثمانون الف ريال لا غير,1000,8000,8000,80100,80100,80100
ac03800,2980,2980,ا لفين و تسعما يه و ثما نو ن ر يا ل,الفين وتسعمايه وثمانون ريال,,2017,2017,2980,2980,2980
ac03802,1500,1500,و قد ر ه ا لف و خمسما يه ر يا ل لا غير,وقدرهالف وخمسمايه ريال لا غير,1000,1005,1005,500,500,500
ac03808,45920,45920,خمسه و ا ر بعو ن ا لف و تسع ما يه و عشر و ن ر يا ل,خمسه واربعون الف وتسعمايه وعشرن ريال,5019,5019,5019,45900,45910,45910
ac03809,2660,2660,فقط ا لفا ن ستما يه و ستو ن ر يا لا لا غير,فقط الفان وستاه وستون ريالا لا غير,2000,2012,2012,2060,2066,2066
ac03814,13365,13365,ثلا ثه عشر ه ا لف و ثلا ثما يه و خمسه و ستو ن ر يا ل,ثلاثه عشره الف وثلاثمايه وخمس وستون ريال,10005,10019,10019,13365,13365,13365
ac03815,900,900,تسعما يه ر يا ل لا غير,تسماليه ريال لا غير,,9,9,,900,900
ac03816,22000,22000,ا ثنا ن و عشر و ن ا لف ر يا ل لا غير,اثنان وعشرون الف ريال لا غير,10000,12000,12000,22000,22000,22000
ac03819,7000,700,فقط سبعه ا لف ر يا ل لا غير,فقط سعون الف ريال لا غير,7000,7000,7000,1000,60000,60000
ac03822,10120,10120,عشر ه ا لا ف و ما يه و عشر و ن ر يا ل فقط,عشره الاف ومايه وعشرون ريال فقط,10010,10010,10010,10120,10120,10120
ac03823,6860,6860,سته ا لا ف و ثما نما يه و ستو ن ر يا ل,سته الاف وثمانمايه وستون ريال,6000,6014,6014,6860,6860,6860
ac03826,3300,33000,فقط ثلا ثه ا لا ف و ثلا ثما يه ر يا ل لا غير,فقط ثلاثه الاف وثلاثمايه ريال لا غير,1000,1008,1008,3300,3300,3300
ac03827,12383,12383,ا ثني عشر ا لف و ثلا ثما يه و ثلا ثه و ثما نو ن ر يا ل لا غير,اثني عشر الف وثلاثمايه وثلاثه وثمانون ريال لا غير,10000,12016,12016,12383,12383,12383
ac03828,4260,4260,ا ر بعه ا لا ف و ما يتا ن و ستو ن ر يا ل لا غير,اربعه الاف ومايتان و ستون ريال لا غير,1000,7006,7006,4260,4260,4260
ac03831,471,471,ا ر بعما يه و ا حد و سبعو ن ر يا ل فقط,اربعمايه واحد وسبعون ريال فقط,,8,8,471,471,471
ac03836,22000,22000,و قد ر ه ا ثنا ن و عشر و ن ا لف ر يا ل لا غير,وقدره اثنان وعشرون الف ريال لا غير,10000,12000,12000,22000,22000,22000
ac03838,10000,10000,فقط عشر ه ا لف ر يا ل لا غير,فقط عشره الف ريال لا غير,10000,10000,10000,10000,10000,10000
ac03842,7000,7000,فقط سبعه ا لا ف ر يا ل لا غير,فقط سبعه الاف ريال لا غير,7000,7000,7000,7000,7000,7000
ac03843,3000,3000,ثلا ثه ا لا ف ر يا ل لا غير,ثلاثه الاف ريال لا غير,1000,1000,1000,3000,3000,3000
ac03845,3000,3000,ثلا ثه ا لا ف ر يا ل,ثثنه الاف ريال,1000,1000,1000,1000,2000,2000
ac03846,18480,18480,ثما نيه عشر ا لف و ا ر بعما يه و ثما نو ن ر يا ل فقط لا غير,ثمانيه عشر الف واربعاه وثمان ريال فقط لا غير,10000,10808,10808,18008,18012,18012
ac03847,6500,6500,فقط سته ا لا ف و خمسما يه ر يا ل لا غير,فقط سته الاف وخمسمايه ريال لا غير,6000,6005,6005,6500,6500,6500
ac03849,2610,2610,ا لفين و ستما يه و عشر ه ر يا ل,الفين وستمايه وعشرن ريال,10,2016,2016,2600,2610,2610
ac03855,21222,21222,و ا حد و عشر و ن ا لف و ما يتا ن و ا ثنين و عشر و ن ر يا ل فقط لا غير,احد وعشرن الف وماين واثن وعشر ريال فلا غير,10012,11012,11012,1010,11020,11020
ac03857,46550,46550,سته ا ر بعين ا لف و خمسما يه خمسو ن ر يا ل لا غير,سته واربعه الف وخمسمايه وخمسون ريال لا غير,6000,76010,76010,10550,10550,10550
ac03858,755,755,فقط سبعما يه و خمسه و خمسو ن ر يا ل,فقط سبعمايه وخمسه وخمسون ريال,5,17,17,755,755,755
ac03859,4500,4500,ا ر بعه ا لا ف و خمسما يه ر يا ل سبعو د ي فقط لا غير,اربعه الاف وخمسمايه ريال ود ل,1000,7012,7012,4500,4500,4500
ac03862,1000,10,ا لف ر يا ل لا غير,الف ريال لا غير,1000,1000,1000,1000,1000,1000
ac03863,40000,40000,ا ر بعو ن ا لف ر يا ل فقط لا غير,اربعون الف ريال فقط لا غير,1000,1000,1000,40000,40000,40000
ac03866,5000,500,فقط خمسه ا لف ر يا ل لا غير,فقط خمسه الف ريال لا غير,5000,5000,5000,5000,5000,5000
ac03869,1500,6500,ا لف و خمسما يه ر يا ل فقط لا غير,الف وخمسمايه ريال فقط لا غير,1000,1005,1005,1500,1500,1500
ac03870,1000,1000,فقط ا لف ر يا ل لا غير,فقط الف ريال لا غير,1000,1000,1000,1000,1000,1000
ac03873,500,500,فقط خمسما يه ر يا ل لا غير,فقط خمسمايه ريال لا غير,,5,5,500,500,500
ac03874,30200,30200,ثلا ثو ن ا لف و ما يتا ر يا ل فقط,ثلاثوه الف ومايتن ريال فقط,1000,1000,1000,1000,3200,3200
ac03875,4500,4500,ا ر بعه ا لا ف و خمسما يه ر يا ل لا غير,اربعه الاف ومسمايه ريال لا غير,1000,7005,7005,4000,4500,4500
ac03877,55500,55500,فقط خمسه و خمسو ن ا لف و خمسما يه ر يا ل لا غير,فقط خمسه وخمسون الف وخمسايه ريال لا غير,5000,10005,10005,55000,55500,55500
ac03878,1911,7911,ا لف و تسعما يه و ا حد ي عشر ر يا ل لا غير,الف وستمايه واحدي عشر ريال لا غير,1010,1020,1020,1610,1611,1611
ac03880,15050,15050,خمسه عشر ا لف و خمسو ن ر يا ل لا غير,خمسه عشر الف وخمسون ريال لا غير,15000,15005,15005,15050,15050,15050
ac03881,6975,6975,فقط سته ا لا ف و تسعما يه و خمسه و سبعو ن ر يا ل لا غير,فقط ه الاف وتسعمايه وخمسه وسبعون ريال لا غير,6005,6021,6021,1975,1975,1975
ac03882,1771,1771,فقط ا لف و سبعما يه و و ا حد و سبعو ن ر يا ل لا غير,فقط الف وسبعمايه واحد وسبعون ريال لا غير,1000,1015,1015,1771,1771,1771
ac03884,200000,200000,فقط ما يتا ن ا لف ر يا ل لا غير,فقط مايتان الف ريال لا غير,1000,1000,1000,200000,200000,200000
ac03887,23909,23909,فقط ثلا ثه و عشر و ن ا لف و تسعما يه و تسعه ر يا ل لا غير,فقط ثلاثه وعشرون الف وتسعمايه وتسعه ريال لا غير,10009,10018,10018,23909,23909,23909
ac03888,1300,130,ا لف و ثلا ثما يه ر يا ل لا غير,الف وثلاثمايه ريال لا غير,1000,1008,1008,1300,1300,1300
ac03891,3000,3000,فقط ثلا ثه ا لا ف ر يا ل لا غير,فقط ثلاثه الاف ريال لا غير,1000,1000,1000,3000,3000,3000
ac03892,2000,2000,فقط ا لفا ن ر يا ل لا غير,فقط الفان ريال لا غير,2000,2000,2000,2000,2000,2000
ac03895,720,720,سبعما يه و عشر و ن ر يا ل,ستمايه وعشرون ريال لا غير,10,17,17,620,620,620
ac03899,3935,3935,فقط ثلا ثه ا لا ف و تسعما يه خمسه و ثلا ثو ن ر يا ل لا غير,فقط ثلاثه الاف وتسعمايه وخمسه ثلاثو ريال لا غير,1005,1014,1014,3905,3908,3908
ac03900,1600,11600,فقط ا لف و ستما يه ر يا ل لا غير,فقط الف وستمايه ريال لا غير,1000,1006,1006,1600,1600,1600
ac03901,30000,30000,فقط ثلا ثو ن ا لف ر يا ل لا غير,فقط ثلاثون الف ريال لا غير,1000,1000,1000,30000,30000,30000
ac03903,15000,15000,خمسه عشر ا لف ر يا ل لا غير,خمسه عشره الف ريال لا غير,15000,15000,15000,15000,15000,15000
ac03905,4920,4920,فقط ا ر بعه ا لا ف و تسعما يه و عشر و ن ر يا ل لا غير,فقط اربعه الاف وتسعمايه وعشرون ريال لا غير,1010,7019,7019,4920,4920,4920
ac03910,480000,480000,فقط ا ر بعما يه و ثما نو ن ا لف ر يا ل لا غير,فقط اربعمايه وثمانون الف ريال لا غير,1000,8000,8000,480000,480000,480000
ac03911,15000,15000,خمسه عشر ا لف ر يا ل لا غير,خمسه الف ريال لا غير,15000,15000,15000,5000,5000,5000
ac03914,6450,6450,سته ا لا ف و ا ر بعما يه و خمسو ن ر يا ل لا غير,سته الاف واربعماه وخمسون ريال لا غير,6000,6005,6005,6050,6450,6450
ac03915,70000,70000,فقط سبعو ن ا لف ر يا ل لا غير,فقط سبعون الف ريال لا غير,1000,7000,7000,70000,70000,70000
ac03918,5000,5000,خمسه ا لا ف ر يا ل فقط لا غير,خمسه الاف ريال فقط لا غير,5000,5000,5000,5000,5000,5000
ac03921,6000,6000,سته ا لا ف ر يا لا فقط لا غير,سته الاف ريال فقط لا غير,6000,6000,6000,6000,6000,6000
ac03922,5511,5511,فقط خمسه ا لا ف و خمسما يه و ا حد ي عشر ر يا لا لا غير,فقط خمسه الاف وخمسمايه واحد عشر ريالا لا غير,5010,5016,5016,5511,5511,5511
ac03923,6000,6000,سته ا لا ف ر يا ل لا غير,سته الاف ريال لا غير,6000,6000,6000,6000,6000,6000
ac03928,5000,50000,خمسه ا لا ف ر يا ل فقط,خمسه الاف ريال فقط,5000,5000,5000,5000,5000,5000
ac03929,14112,14112,ا ر بعه عشر ا لف و ما يه و ا ثني عشر ر يا ل لا غير,اربعه عشر الف ومايه واثن عشريل لا غير,10010,17012,17012,14100,14122,14122
ac03932,1500,1500,فقط ا لف و خمسما يه ر يا ل لا غير,فقط الف وخمسمايه ريال لا غير,1000,1005,1005,1500,1500,1500
ac03936,500000,500000,خمسما يه ا لف ر يا ل فقط لا غير,خمسمايه الف ريال فقط لا غير,1000,5000,5000,500000,500000,500000
ac03937,130000,130000,فقط ما يه و ثلا ثو ن ا لف ر يا ل لا غير,فقط مايه وثلاثون الف ريال لا غير,1000,1000,1000,30100,30100,30100
ac03938,900,900,تسعميه ر يا ل فقط لا غير,تسع ريال فقط لا غير,,900,900,9,9,9
ac03939,1300,1300,ا لف و ثلا ثما يه ر يا ل فقط,الف وثلاثمايه ريال,1000,1008,1008,1300,1300,1300
ac03940,3000,3000,و قد ر ه ثلا ثه ا لا ف ر يا ل,وقدرهثلاه الاف ريال,1000,1000,1000,1000,1000,1000
ac03941,3000,3000,ثلا ثه ا لا ف ر يا ل فقط لا غير,ثلاثه الاف ريال فقط لا غير,1000,1000,1000,3000,3000,3000
ac03943,50000,50000,خمسو ن ا لف ر يا ل فقط لا غير,خمسون الف ريال فقط لا غير,1000,5000,5000,50000,50000,50000
ac03945,1461,1461,فقط ا لف و ا ر بعما يه و و ا حد و ستين ر يا ل لا غير,فقط الف واربعمايه واحد وستون ريال لا غير,1060,1061,1061,1461,1461,1461
ac03946,10150,10150,عشر ه ا لف و ما يه و خمسو ن ر يا لا فقط لا غير,عشره الف ومايه وخمسون ريال فقط لا غير,10000,10005,10005,10150,10150,10150
ac03947,3585,3585,فقط ثلا ثه ا لف و خمسما يه و خمسه و ثما نو ن ر يا ل لا غير,فقط ثلاثه الف وخمسمايه وخمسه وثمانون ريال لا غير,1005,1018,1018,3585,3585,3585
ac03948,1283,1283,ا لف و ما يتا ن و ثلا ثه و ثما نو ن ر يا لا لا غير,الف ومايتان وثلاثه وثمانون ريالا لا غير,1000,1008,1008,1283,1283,1283
ac03952,10000,10000,عشر ه ا لا ف ر يا ل فقط لا غير,عشره الاف ريال فقط لا غير,10000,10000,10000,10000,10000,10000
ac03955,2850,2850,فقط ا لفا ن و ثما نما يه و خمسو ن ر يا ل لا غير,فقط الفان وثمانمايه وخمسون ريال لا غير,2000,2013,2013,2850,2850,2850
ac03958,10000,10000,عشر ه ا لف ر يا ل فقط,عشرون الف ريال فقط,10000,10000,10000,20000,20000,20000
ac03959,20000,20000,عشر و ن ا لف ر يا ل لا غير,عشرون الف ريال لا غير,10000,10000,10000,20000,20000,20000
ac03962,3350,3350,فقط ثلا ثه ا لا ف و ثلا ثما يه و خمسو ن ر يا ل,فقط ثلاثه الاف وثلاثمايه وخمسون ريال,1000,1013,1013,3350,3350,3350
ac03964,2000,2000,فقط ا لفين ر يا ل لا غير,فقط الفين ريال لا غير,,2000,2000,2000,2000,2000
ac03967,4960,4960,ا ر بعه ا لا ف و تسعما يه و ستو ن ر يا ل لا غير,اربعه الاف وتسعمايه وستون ريال لا غير,1000,7015,7015,4960,4960,4960
ac03975,2600,2600,ا لفين و ستما يه ر يا ل لا غير,الفين ستمايه ريال لا غير,,2006,2006,2600,2600,2600
ac03976,2073,2073,ا لفا ن و ثلا ثه و سبعو ن ر يا ل لا غير,الفان وثلاثه وسبعون ريال لا غير,2000,2007,2007,2073,2073,2073
ac03979,15000,15000,فقط خمسه عشر ا لف ر يا ل لا غير,فقط خمسه عشر الف ريال لا غير,15000,15000,15000,15000,15000,15000
ac03983,15000,15000,فقط خمسه عشر ه ا لا ف ر يا ل لا غير,فقط خمسه عشره الاف ريال لا غير,15000,15000,15000,15000,15000,15000
ac03984,110000,110000,ما يه و عشر ه ا لا ف ر يا ل لا غير,مايه وعشره الاف ريال لا غير,10000,10000,10000,10100,10100,10100
ac03986,11000,11000,ا حد عشر ا لف ر يا ل لا غير,احد عشر الف ريال لا غير,10000,11000,11000,11000,11000,11000
ac03987,400000,400000,ا ر بعما يه ا لف ر يا ل فقط لا غير,اربعمايه الف ريال فقط لا غير,1000,1000,1000,400000,400000,400000
ac03989,1500,1500,ا لف و خمسما يه ر يا ل لا غير,الف وخمسمايه ريال لا غير,1000,1005,1005,1500,1500,1500
ac03990,6000,6000,سته ا لا ف ر يا ل لا غير,سته الاف ريال لا غير,6000,6000,6000,6000,6000,6000
ac03991,9651,9651,فقط تسعه ا لف و ستما يه و و ا حد و خمسو ن ر يا ل لا غير,فقط سته الف ومايه واحد وخمسون ريال لا غير,9000,9012,9012,6151,6151,6151
ac03994,35400,35400,فقط خمسه و ثلا ثو ن ا لف و ا ر بعما يه ر يا ل لا غير,فقط خمسه وثلاثون الف واربعمايه ريال لا غير,5000,5000,5000,35400,35400,35400
ac03995,17500,17500,فقط سبعه عشر ه ا لف و خمسما يه ر يا ل لا غير,فقط سبعه عشر الف وخمسمايه ريال لا غير,17000,17005,17005,17500,17500,17500
ac03996,10000,10000,فقط عشر ه ا لا ف ر يا ل لا غير,فقط عشره الاف ريال لا غير,10000,10000,10000,10000,10000,10000
ac03997,3360,3360,ثلا ثه ا لا ف و ثلا ثما يه و ستو ن ر يا ل فقط لا غير,ثه الف وثلاثاه وستون ريال فقط لا غير,1000,1014,1014,1060,1063,1063
ac03998,1070,1070,ا لف و سبعو ن ر يا ل فقط لا غير,الف وسبعون ريال فقط لا غير,1000,1007,1007,1070,1070,1070
ac04000,40000,40000,ا ر بعو ن ا لف ر يا ل لا غير,اربعون الف رياللا غير,1000,1000,1000,40000,40000,40000
ac04002,1500,1500,ا لف و خمسما يه ر يا ل,الف وخمسمايه ريال,1000,1005,1005,1500,1500,1500
ac04004,1275,1275,ا لف و ميتا ن و خمسه و سبعو ن ر يا ل فقط,الف وميتان وخمس وسبعون ريال فقط,1005,1212,1212,1275,1275,1275
ac04005,2100,2100,فقط ا لفا ن و ما يه ر يا ل لا غير,قطه الفان ومايه ريال لا غير,2000,2000,2000,2100,2100,2100
ac04007,2000,2000,فقط ا لفا ن ر يا لا لا غير,فقط الف ان ريال لا غير,2000,2000,2000,1000,1000,1000
ac04008,10000,10000,فقط عشر ه ا لف ر يا ل لا غير,فقط خمسه الف ريال لا غير,10000,10000,10000,5000,5000,5000
ac04010,720,720,فقط سبعما يه و عشر و ن ر يا ل,فقط سبعمايه وعشرون ريال,10,17,17,720,720,720
ac04012,2000,2000,ا لفين ر يا ل لا غير,الفين ن ريال لا غير,,2000,2000,2000,2000,2000
ac04015,26306,26306,سته و عشر و ن ا لف و ثلا ثما يه و سته ر يا ل لا غير,سته وعشرون الف وثلاثمايه وسته ريال لا غير,16006,16014,16014,26306,26306,26306
ac04017,10337,10337,عشر ه ا لا ف و ثلا ثما يه و سبعه و ثلا ثو ن ر يا ل لا غير,شره الاف وثلاثمايه وسبعه وثلاثون ريال لا غير,10007,10015,10015,1337,10337,10337
ac04020,4900,4900,ا ر بعه ا لا ف و تسعما يه ر يا ل لا غير,اربعه الاف وتسعمايه ريال لا غير,1000,7009,7009,4900,4900,4900
ac04021,4000,4000,فقط ا ر بعه ا لا ف ر يا ل لا غير,فقط اربعه الاف ريال لا غير,1000,7000,7000,4000,4000,4000
ac04022,4000,400,ا ر بعه ا لا ف ر يا ل لا غير,اربعه الاف ريال لا غير,1000,7000,7000,4000,4000,4000
ac04023,5000,500,خمسه ا لا ف ر يا ل,خمسه الاف يا,5000,5000,5000,5000,5000,5000
ac04024,40300,40300,و قد ر ه ا ر بعو ن ا لف و ثلا ثما يه ر يا ل فقط لا غير,فقطيه و ا يا ل لا غير,1000,1008,1008,,,
ac04027,1670,1670,فقط ا لف و ستما يه و سبعو ن ر يا ل لا غير,فقط الف وستمايه وسبعون ريال لا غير,1000,1013,1013,1670,1670,1670
ac04031,500,500,خمس ما يه ر يا ل فقط,خمس مايه ريال فقط,5,5,5,500,500,500
ac04033,6500,6500,سته ا لف و خمسما يه ر يا ل فقط لا غير,سته الف وخمسمايه ريال فقط لا غير,6000,6005,6005,6500,6500,6500
ac04035,4000,4000,فقط ا ر بعه ا لا ف ر يا ل,فقط اربعه الاف ريال,1000,7000,7000,4000,4000,4000
ac04036,15000,715000,خمسه عشر ا لف ر يا ل فقط,خمسه عشر الف ريال فقط,15000,15000,15000,15000,15000,15000
ac04039,2650,2650,ا لفين و ستما يه و خمسو ن ر يا ل لا غير,الفين وستمايه وخمسون ريال لا غير,,2011,2011,2650,2650,2650
ac04041,175000,175000,ما يه و خمسه و سبعو ن ا لف ر يا ل لا غير,مايت وخمسه وسبعون الف ريال لا غير,5000,12000,12000,75000,75100,75100
ac04043,450000,450000,فقط ا ر بعه ا لف و خمسما يه ر يا ل لا غير,فقط اربعه الف وخمسمايه ريال لا غير,1000,7005,7005,4500,4500,4500
ac04045,900,900,فقط تسعما يه ر يا ل,فقط تسعمايه ريال,,9,9,900,900,900
ac04047,2000,2000,ا لفين ر يا ل,الف يريال,,2000,2000,1000,1000,1000
ac04048,1828,1828,و ا حد ا لف و ثما نما يه و ثما نيه و عشر و ن ر يا لا فقط لا غير,وقاحد الف وثمانمايه وثمانيه وعشرون ريال لا غير,1010,2610,2610,1828,1828,1828
ac04049,7000,57000,سبعه ا لا ف ر يا ل لا غير,سبعه الاف ريال لا غير,7000,7000,7000,7000,7000,7000
ac04052,6000,6000,سته ا لا ف ر يا ل,سته الاف ريال,6000,6000,6000,6000,6000,6000
ac04055,1882,1882,ا لف و ثما نما يه و ا ثنا ن و ثما نو ن ر يا ل,الف وثمانمايه واثنان وثمانون ريال,1000,1018,1018,1882,1882,1882
ac04056,3180,3180,ثلا ثه ا لا ف و ما يه و ثما نو ن ر يا ل لا غير,ثلاثه الاف ومايه وثمانون ريال لا غير,1000,1008,1008,3180,3180,3180
ac04057,5000,5000,فقط خمسه ا لا ف ر يا ل لا غير,فقط خمسه الاف ريال لا غير,5000,5000,5000,5000,5000,5000
ac04058,97000,97000,سبعه و تسعو ن ا لف ر يا ل,سبعه وتسعون الف ريال,7000,16000,16000,97000,97000,97000
ac04059,17679,17679,سبعه عشر ا لف و ستما يه و تسعه و سبعو ن ر يا ل فقط,سبعه عشر الف وسمايه وسعه وسبعون ريال فقط,17009,17022,17022,17070,17179,17179
ac04061,5682,5682,و قد ر ه خمسه ا لا ف و ستما يه و ا ثنا ن و ثما نو ن ر يا ل,وقدره خمسه الاف و سمايه واثنان وثمان ريال لا غير,5000,5016,5016,5010,5110,5110
ac04065,3000,3000,و قد ر ه ثلا ثه ا لا ف ر يا ل لا غير,وقدرهثلاثه الاف ريال لا غير,1000,1000,1000,1000,1000,1000
ac04066,20000,20000,عشر و ن ا لف ر يا ل,عشرون الف ريال,10000,10000,10000,20000,20000,20000
ac04067,7350,7350,سبعه ا لف و ثلا ثما يه و خمسو ن ر يا ل فقط,سبعه الف وثلاثمايه وخمسون ريال فقط,7000,7013,7013,7350,7350,7350
ac04068,1190,1190,فقط ا لف و ما يه و تسعو ن ر يا ل,فقط الف ومايه وتسعون ريال,1000,1009,1009,1190,1190,1190
ac04069,1855,1855,ا لف و ثما نما يه و خمسه و خمسو ن ر يا لا,الف وثمانمايه وخمسه وخمسون ريال,1005,1018,1018,1855,1855,1855
ac04072,50000,550000,فقط خمسو ن ا لف ر يا ل لا غير,فقط خمسوان ريال لا غير,1000,5000,5000,,50,50
ac04073,4680,4680,ا ر بعه ا لا ف و ستما يه و ثما نو ن ر يا ل لا غير,اربعه الاف وستمايه وثمانون ريال لا غير,1000,7014,7014,4680,4680,4680
ac04075,30544,30544,ثلا ثو ن ا لا ف و خمسما يه و ا ر بعه و ا ر بعو ن,ثلاثون الاف و خمسمايه واربعه واربعون ريال,1000,1012,1012,30544,30544,30544
ac04077,2979,2979,ا لفين و تسع ما يه و تسعه و سبعو ن ر يا ل,الفين وتسعمايه وتسعوون ريال فقط,18,2025,2025,2900,2990,2990
ac04082,45000,400,فقط ا ر بعما يه و خمسو ن ر يا لا,فقط اربعمايه وخمسون ريال,,5,5,450,450,450
ac04084,900,900,تسع ميه ر يا ل لا غير,ين ريال لا غير,900,900,900,,,
ac04087,2000,2000,فقط ا لفا ن ر يا ل,فقط الفانن ريال,2000,2000,2000,,2000,2000
ac04088,555,559,خمسما يه و خمس و خمسو ن ر يا لا فقط,خمسمايه وخمسه وخمسون ريال فقط,5,15,15,555,555,555
ac04089,20000,20000,عشر و ن ا لف ر يا ل فقط,شاون الف ريال فقط,10000,10000,10000,1000,60000,60000
ac04095,18000,18000,ثما نيه عشر ا لف ر يا ل لا غير,ثمانيه عشره الف ريال لا غير,10000,10800,10800,18000,18000,18000
ac04100,1000,1000,فقط ا لف ر يا ل لا غير,فقط الف ريال لا غير,1000,1000,1000,1000,1000,1000
ac04101,80000,80000,ثما نو ن ا لف ر يا ل لا غير,خمسرون الف ريال لا غير,1000,8000,8000,1000,50000,50000
ac04106,15000,15000,فقط خمسه عشر ا لف ر يا ل لا غير,فقط خمسه عشر الف ريال لا غير,15000,15000,15000,15000,15000,15000
ac04108,2500,2500,ا لفا ن خمسما يه ر يا ل فقط لا غير,الف وخمسمايه ريال فقط لا غير,2000,2005,2005,1500,1500,1500
ac04109,2511,2511,ا لفا ن و خمسما يه و ا حد ي عشر ر يا ل لا غير,الفان وخمسمايه واحد عه شر ريال لا غير,2010,2016,2016,2501,2511,2511
ac04110,209,2199812128,ما يتا ن و تسعه ر يا ل لا غير,مايتان واتسعه ريال لا غير,9,9,9,200,209,209
ac04113,100884,100884,ما يه ا لف و ثما نيه ما يه ا ر بعه و ثما نو ن ر يا لا فقط لا غير,مايه الف وثمان ومايه واربع وثمانون ريال لا غير,1000,1815,1815,1984,1984,1984
ac04115,10000,10000,عشر ه ا لا ف ر يا ل,عروه الاف ريال,10000,10000,10000,1000,10000,10000
ac04116,67728,67728,فقط سبعه و ستو ن ا لفا و سبعما يه و ثما نيه و عشر و ن ر يا لا,فقط سبعه وستون الف وسبعماه وثمانه وعشرون ريال لا غير,17,2810,2810,67020,67728,67728
ac04121,1600,1600,ا لف و ستما يه ر يا ل لا غير,الف وستمايه ريال لا غير,1000,1006,1006,1600,1600,1600
ac04122,1000,1000,ا لف ر يا ل فقط لا غير,الف ريال فقط لا غير,1000,1000,1000,1000,1000,1000
ac04126,3600,3600,ثلا ثه ا لا ف و ستما يه ر يا ل فقط لا غير,ثلاثه الاف وستمايه ريال فقط لا غير,1000,1006,1006,3600,3600,3600
ac04127,3000,3000,ثلا ثه ا لا ف ر يا ل لا غير,ثلاثه لاف ريال لا غير,1000,1000,1000,3000,3000,3000
ac04132,2495,2495,ا لفا ن و ا ر بعما يه و خمسه و تسعو ن ر يا ل,الفان واربعمايه وخمسه وتسعون ريال,2005,2014,2014,2495,2495,2495
ac04134,10000,10000,عشر ه ا لا ف ر يا لا لا غير,عشره الاف ريال لا غير,10000,10000,10000,10000,10000,10000
ac04139,12000,12000,فقط ا ثني عشر ا لف ر يا ل لا غير,فقط اثي عشر الف ريال لا غير,10000,12000,12000,10000,12000,12000
ac04140,35000,35000,فقط خمسه و ثلا ثو ن ا لف ر يا ل لا غير,فقط خمسه وثلاثون الف ريال لا غير,5000,5000,5000,35000,35000,35000
ac04143,51250,51250,و ا حد و خمسو ن ا لف ما يتا ن و خمسو ن ر يا لا,واحد وخمسون الف ومايتان وخمسون ريال,1000,6005,6005,51250,51250,51250
ac04145,338,338,ثلا ثما يه و ثما نيه و ثلا ثو ن ر يا ل سبعو د ي,ثلاثمايه وثمانيه وثلاثون ريال سعو,,1607,1607,338,338,338
ac04148,10000,10000,عشر ه ا لا ف ر يا ل فقط لا غير,عشره الاف ريال فقط لا غير,10000,10000,10000,10000,10000,10000
ac04149,100000,100000,فقط ما يه ا لف ر يا ل لا غير,فقط مايه الف ريال لا غير,1000,1000,1000,1100,1100,1100
ac04152,50000,50000,خمسو ن ا لف ر يا ل لا غير,خمسون الف ريال لا غير,1000,5000,5000,50000,50000,50000
ac04153,8000,8000,فقط ثما نيه ا لا ف ر يا ل لا غير,فقط ثمانيه الاف ريال لا غير,1000,1800,1800,8000,8000,8000
ac04154,4000,4000,ا ر بعه ا لا ف ر يا ل فقط,اربعه الاف ريال فقط,1000,7000,7000,4000,4000,4000
ac04157,2232,2232,فقط ا لفا ن و ميتا ن و ا ثنين و ثلا ثو ن ر يا ل لا غير,فقط الفان وميتان واثنين وثلاثون ريال لا غير,2002,2202,2202,2232,2232,2232
ac04159,2880,2880,ا لفا ن و ثما نما يه و ثما نو ن,الفان وثمانمايه وثمانون,2000,2016,2016,2880,2880,2880
ac04162,30000,30000,ثلا ثو ن ا لف ر يا ل لا غير,ثلاثون الف ريال لا غير,1000,1000,1000,30000,30000,30000
ac04163,990,990,فقط تسعما يه و تسعو ن لا غير,فقط تسعمايه و تسعون لا غير,,18,18,990,990,990
ac04164,4440,44440,ا ر بعه ا لا ف و ا ر بعما يه و ا ر بعو ن ر يا ل,اربعه الاف واربعمايه واربعون رياللا,1000,7000,7000,4440,4440,4440
ac04165,12642,12642,ا ثنا عشر ا لفا و ستما يه و ا ثنا ن و ا ر بعو ن ر يا لا,اثنا عشر الف وستمايه واثنان واربعون ريال,10,20,20,12642,12642,12642
ac04166,30000,30000,و قد ر ه ثلا ثو ن ا لف ر يا ل فقط,وقدره ثلاثون الف ريال,1000,1000,1000,30000,30000,30000
ac04167,1618,3618,فقط ا لف و ستما يه و ثما نيه عشر ر يا ل لا غير,فقط الف وستاه وثمايه وعشر ريال لا غير,1010,2410,2410,1010,1610,1610
ac04171,2424,2444,فقط ا لفين و ا ر بعما يه ا ر بعه و عشر و ن ر يا ل لا غير,فقط الفين واربعمايه اربعه وعشرون ريال لا غير,10,2017,2017,2424,2424,2424
ac04177,947,947,تسعما يه و سبعه و ا ر بعين ر يا ل لا غير,تسعمايه وسبعه واربعون ريال لا غير,7,86,86,947,947,947
ac04178,3800,3800,ثلا ثه ا لا ف و ثما نما يه ر يا ل فقط لا غير,ثلاثه الاف وثمانمايه ريال فقط ا غير,1000,1008,1008,3800,3800,3800
ac04179,18100,18100,فقط ثما نيه عشر ا لف و ما يه ر يا ل لا غير,فقط ثمانيه عشر الف ومايه ريال لا غير,10000,10800,10800,18100,18100,18100
ac04180,5700,5700,خمسه ا لا ف و سبعما يه ر يا ل فقط,خمسه الاف وسبعمايه ريال فقط,5000,5007,5007,5700,5700,5700
ac04181,672,673,فقط ستما يه و ا ثنا ن و سبعو ن ر يا لا لا غير,فقط ستمايه واثنان وسبعون ريال لا غير,,15,15,672,672,672
ac04183,2224,2224,فقط ا لفا ن و ميتا ن و ا ر بعه و عشر و ن ر يا ل لا غير,فقط الفان و ميتان و اربعه وعشرون ريال لا غير,2010,2217,2217,2224,2224,2224
ac04184,15000,15000,خمسه عشر ا لف ر يا ل فقط لا غير,خمسه عشر الف ريال فقط لا غير,15000,15000,15000,15000,15000,15000
ac04185,10000,1000,عشر ه ا لا ف ر يا ل فقط لا غير,عشره الاف ريال فقط لا غير,10000,10000,10000,10000,10000,10000
ac04186,165,165,ما يه و خمسه و ستو ن ر يا ل لا غير,مانيه وتسع وسون ريال لا غير,5,11,11,9,169,169
ac04188,5363,5363,خمسه ا لا ف و ثلا ثما يه و ثلا ثه و ستو ن ر يا ل,سه الاف وثلاثا وثلاثه وستون ريال,5000,5014,5014,1063,1066,1066
ac04195,740,740,سبعما يه و ا ر بعين ر يا ل لا غير,سبعمايه واربعين ريال لا غير,,77,77,740,740,740
ac04198,6726,6726,فقط سته ا لا ف و سبعما يه و سته و عشر و ن ر يا ل لا غير,فقط سته الاف وسبعمايه وسته وعشرون ريال لا غير,6016,6023,6023,6726,6726,6726
ac04200,6004,6004,فقط سته ا لا ف و ا ر بعه ر يا لا ت لا غير,فقط سته الاف واربعه ريالا لا غير,6000,6007,6007,6004,6004,6004
ac04202,2000,2000,و قد ر ه ا لفين ر يا ل لا غير,وقدر تلسفن ريال لا غير,,2000,2000,,,
ac04203,360,360,ثلا ثما يه و ستو ن ر يا لا فقط,ثلاثمايه وستون ريالا فقط,,14,14,360,360,360
ac04206,1920,1920,ا لف و تسعما يه و عشر و ن ر يا ل لا غير,الف وتسعمايه وعشرون ريال لا غير,1010,1019,1019,1920,1920,1920
ac04207,4900,4900,فقط ا ر بعه ا لا ف و تسعما يه ر يا ل لا غير,فقط اربعه الاف وتسعمايه ريال لا غير,1000,7009,7009,4900,4900,4900
ac04209,8000,8000,و قد ر ه ثما نيه ا لا ف ر يا ل لا غير,وقدرهثمانه الاف ريال لا غير,1000,1800,1800,1000,1000,1000
